
> pineeditor-gui@1.2.0 build
> npm run clean && cross-env NODE_ENV=production webpack --colors --bail


> pineeditor-gui@1.2.0 clean
> rimraf ./build && mkdirp build && rimraf ./dist && mkdirp dist

node.exe : [BABEL] Note: The code generator has deoptimised the styling of D:\PineEditor\gui\node_modules\isomorphic-gi
t\index.js as it exceeds the max of 500KB.
At C:\Users\Administrator\AppData\Roaming\TRAE SOLO CN\ModularData\ai-agent\vm\tools\node\npm.ps1:16 char:5
+     & "$basedir/node$exe"  "$basedir/node_modules/npm/bin/npm-cli.js" ...
+     ~~~~~~~~~~~~~~~~~~~~~~~~~~~~~~~~~~~~~~~~~~~~~~~~~~~~~~~~~~~~~~~~~
    + CategoryInfo          : NotSpecified: ([BABEL] Note: T...e max of 500KB.:String) [], RemoteException
    + FullyQualifiedErrorId : NativeCommandError
 
[BABEL] Note: The code generator has deoptimised the styling of D:\PineEditor\gui\node_modules\just-bash\dist\bundle\br
owser.js as it exceeds the max of 500KB.

[BABEL] Note: The code generator has deoptimised the styling of D:\PineEditor\gui\node_modules\just-bash\dist\bundle\br
owser.js as it exceeds the max of 500KB.

[BABEL] Note: The code generator has deoptimised the styling of D:\PineEditor\gui\node_modules\isomorphic-git\index.js 
as it exceeds the max of 500KB.

[BABEL] Note: The code generator has deoptimised the styling of D:\PineEditor\_sdeps\scratch-blocks\blockly_compressed_
vertical.js as it exceeds the max of 500KB.

[BABEL] Note: The code generator has deoptimised the styling of D:\PineEditor\_sdeps\scratch-blocks\blockly_compressed_
vertical.js as it exceeds the max of 500KB.

Hash: [1mdee02a86e32ecb793c7a53a309c813ffae1228c2[39m[22m
Version: webpack [1m4.47.0[39m[22m
Child
    Hash: [1mdee02a86e32ecb793c7a[39m[22m
    Time: [1m256388[39m[22mms
    Built at: 2026/09/05 [1m17:18:33[39m[22m
                                                                                               [1mAsset[39m[22m       [1mSize[39m[22m  [1mChunks[39m[22m  [1m[39m[22m                       [1m[39m[22m       [1mChunk Names[39m[22m
                                                                      [1m[32m45dd4e535dd171c17ea7.worker.js[39m[22m    215 KiB        [1m[39m[22m  [1m[32m[emitted] [immutable][39m[22m         
                                                                                         [1m[32maddons.html[39m[22m   2.48 KiB        [1m[39m[22m  [1m[32m[emitted][39m[22m                     
                                                                               [1m[32mcredits/25786611.webp[39m[22m    2.1 KiB        [1m[39m[22m  [1m[32m[emitted][39m[22m                     
                                                                       [1m[32mcredits/3546960701163977.webp[39m[22m   3.55 KiB        [1m[39m[22m  [1m[32m[emitted][39m[22m                     
                                                                              [1m[32mcredits/521949499.webp[39m[22m   5.77 KiB        [1m[39m[22m  [1m[32m[emitted][39m[22m                     
                                                                                         [1m[32meditor.html[39m[22m   7.95 KiB        [1m[39m[22m  [1m[32m[emitted][39m[22m                     
                                                                                          [1m[32membed.html[39m[22m   2.67 KiB        [1m[39m[22m  [1m[32m[emitted][39m[22m                     
                                                                                      [1m[32membedtest.html[39m[22m  461 bytes        [1m[39m[22m  [1m[32m[emitted][39m[22m                     
                                                                                   [1m[32membedtestbad.html[39m[22m  249 bytes        [1m[39m[22m  [1m[32m[emitted][39m[22m                     
                                                                                         [1m[32mfavicon.ico[39m[22m   14.7 KiB        [1m[39m[22m  [1m[32m[emitted][39m[22m                     
                                                                                     [1m[32mfullscreen.html[39m[22m   7.95 KiB        [1m[39m[22m  [1m[32m[emitted][39m[22m                     
                                                                                      [1m[32mimages/192.png[39m[22m   36.7 KiB        [1m[39m[22m  [1m[32m[emitted][39m[22m                     
                                                                                      [1m[32mimages/512.png[39m[22m    132 KiB        [1m[39m[22m  [1m[32m[emitted][39m[22m                     
                                                                         [1m[32mimages/apple-touch-icon.png[39m[22m   33.4 KiB        [1m[39m[22m  [1m[32m[emitted][39m[22m                     
                                                                                          [1m[32mindex.html[39m[22m   3.29 KiB        [1m[39m[22m  [1m[32m[emitted][39m[22m                     
                                        [1m[32mjs/extension-worker/extension-worker.2900dedcd4e98cfc86cf.js[39m[22m   38.2 KiB        [1m[39m[22m  [1m[32m[emitted] [immutable][39m[22m         
                                                                [1m[32mjs/gleba/100.012eea36e2b894fd1b68.js[39m[22m   91.9 KiB     [1m100[39m[22m  [1m[32m[emitted] [immutable][39m[22m         
                                                                [1m[32mjs/gleba/101.61fc09197eea11c1bd8e.js[39m[22m   6.49 KiB     [1m101[39m[22m  [1m[32m[emitted] [immutable][39m[22m         
                                                                [1m[32mjs/gleba/102.5fcfcec6953ad5e44b4b.js[39m[22m   29.2 KiB     [1m102[39m[22m  [1m[32m[emitted] [immutable][39m[22m         
                                                                [1m[32mjs/gleba/103.18e4ff51b593898f0087.js[39m[22m   13.6 KiB     [1m103[39m[22m  [1m[32m[emitted] [immutable][39m[22m         
                                                                [1m[32mjs/gleba/104.0a5c42fb2474e7792bd6.js[39m[22m   11.2 KiB     [1m104[39m[22m  [1m[32m[emitted] [immutable][39m[22m         
                                                                [1m[32mjs/gleba/105.e1f242df409e3b5f87cd.js[39m[22m   26.3 KiB     [1m105[39m[22m  [1m[32m[emitted] [immutable][39m[22m         
                                                                [1m[32mjs/gleba/106.0301ab7930f2e77b6379.js[39m[22m   8.97 KiB     [1m106[39m[22m  [1m[32m[emitted] [immutable][39m[22m         
                                                                [1m[32mjs/gleba/107.5c04fc7252c322ec8c8f.js[39m[22m   8.31 KiB     [1m107[39m[22m  [1m[32m[emitted] [immutable][39m[22m         
                                                                [1m[32mjs/gleba/108.f2319023c9a6b77abd72.js[39m[22m  675 bytes     [1m108[39m[22m  [1m[32m[emitted] [immutable][39m[22m         
                                                                 [1m[33mjs/gleba/96.0360fc2f2afd11b5ae1a.js[39m[22m   [1m[33m1.99 MiB[39m[22m      [1m96[39m[22m  [1m[32m[emitted] [immutable][39m[22m  [1m[33m[big][39m[22m  
                                                                 [1m[32mjs/gleba/97.0d199cca8d375d626004.js[39m[22m    215 KiB      [1m97[39m[22m  [1m[32m[emitted] [immutable][39m[22m         
                                                                 [1m[33mjs/gleba/98.e3d8331a87b61a13334f.js[39m[22m    [1m[33m252 KiB[39m[22m      [1m98[39m[22m  [1m[32m[emitted] [immutable][39m[22m  [1m[33m[big][39m[22m  
                                                                 [1m[32mjs/gleba/99.f6510f15ccb1f8982801.js[39m[22m   32.4 KiB      [1m99[39m[22m  [1m[32m[emitted] [immutable][39m[22m         
                                                [1m[32mjs/gleba/addon-default-entry.51bd2f0c7b3558bae9bf.js[39m[22m    103 KiB      [1m11[39m[22m  [1m[32m[emitted] [immutable][39m[22m         addon-default-entry
                                        [1m[32mjs/gleba/addon-entry-2d-color-picker.7199156612b0ab7f2641.js[39m[22m   43.9 KiB      [1m12[39m[22m  [1m[32m[emitted] [immutable][39m[22m         addon-entry-2d-color-picker
                                             [1m[32mjs/gleba/addon-entry-background.6e30e672edc381adfdca.js[39m[22m   38.2 KiB      [1m13[39m[22m  [1m[32m[emitted] [immutable][39m[22m         addon-entry-background
                                     [1m[32mjs/gleba/addon-entry-better-img-uploads.1936b8c7a9a15d75f2fb.js[39m[22m   35.6 KiB      [1m14[39m[22m  [1m[32m[emitted] [immutable][39m[22m         addon-entry-better-img-uploads
                                    [1m[32mjs/gleba/addon-entry-block-palette-icons.2ff11d1859fcd57f648c.js[39m[22m   22.5 KiB      [1m15[39m[22m  [1m[32m[emitted] [immutable][39m[22m         addon-entry-block-palette-icons
                                             [1m[32mjs/gleba/addon-entry-block-pins.7080f1f0b5663b68dfac.js[39m[22m   5.49 KiB      [1m16[39m[22m  [1m[32m[emitted] [immutable][39m[22m         addon-entry-block-pins
                                           [1m[32mjs/gleba/addon-entry-blocks2image.256425103ef2144398a0.js[39m[22m   10.9 KiB      [1m17[39m[22m  [1m[32m[emitted] [immutable][39m[22m         addon-entry-blocks2image
                                             [1m[32mjs/gleba/addon-entry-calculator.53e1255d0f2bafb00b3f.js[39m[22m     15 KiB      [1m18[39m[22m  [1m[32m[emitted] [immutable][39m[22m         addon-entry-calculator
                                      [1m[32mjs/gleba/addon-entry-canvas-screenshot.b5b2af9a2883e8556749.js[39m[22m   5.63 KiB      [1m19[39m[22m  [1m[32m[emitted] [immutable][39m[22m         addon-entry-canvas-screenshot
                                             [1m[32mjs/gleba/addon-entry-cat-blocks.47466ca9d70ddd9afe48.js[39m[22m   8.51 KiB      [1m20[39m[22m  [1m[32m[emitted] [immutable][39m[22m         addon-entry-cat-blocks
                                                 [1m[32mjs/gleba/addon-entry-clones.fa3ebc3269285e036ee9.js[39m[22m   5.91 KiB      [1m21[39m[22m  [1m[32m[emitted] [immutable][39m[22m         addon-entry-clones
                                                [1m[32mjs/gleba/addon-entry-columns.fb9c8b2e96dbeabaedfe.js[39m[22m   6.08 KiB      [1m22[39m[22m  [1m[32m[emitted] [immutable][39m[22m         addon-entry-columns
                                          [1m[32mjs/gleba/addon-entry-copy-reporter.37f41dffb18ed54c12e4.js[39m[22m   2.65 KiB      [1m23[39m[22m  [1m[32m[emitted] [immutable][39m[22m         addon-entry-copy-reporter
                                     [1m[32mjs/gleba/addon-entry-custom-block-shape.b6603fa3064f3d6bb6ef.js[39m[22m   3.93 KiB      [1m24[39m[22m  [1m[32m[emitted] [immutable][39m[22m         addon-entry-custom-block-shape
                                      [1m[32mjs/gleba/addon-entry-custom-block-text.7cf5a8cfb47ebe0f007f.js[39m[22m   2.19 KiB      [1m25[39m[22m  [1m[32m[emitted] [immutable][39m[22m         addon-entry-custom-block-text
                                            [1m[32mjs/gleba/addon-entry-custom-zoom.987295750971d258b0e3.js[39m[22m   2.24 KiB      [1m26[39m[22m  [1m[32m[emitted] [immutable][39m[22m         addon-entry-custom-zoom
                                [1m[32mjs/gleba/addon-entry-data-category-tweaks-v2.cd5ccc2a1e896a6d7677.js[39m[22m   3.11 KiB      [1m27[39m[22m  [1m[32m[emitted] [immutable][39m[22m         addon-entry-data-category-tweaks-v2
                           [1m[32mjs/gleba/addon-entry-default-costume-editor-color.e85b2592c8b31ddc792a.js[39m[22m   4.91 KiB      [1m28[39m[22m  [1m[32m[emitted] [immutable][39m[22m         addon-entry-default-costume-editor-color
                                          [1m[33mjs/gleba/addon-entry-dev-inspector.3f37ac6529bb78538c09.js[39m[22m   [1m[33m1.11 MiB[39m[22m      [1m29[39m[22m  [1m[32m[emitted] [immutable][39m[22m  [1m[33m[big][39m[22m  addon-entry-dev-inspector
                                   [1m[32mjs/gleba/addon-entry-disable-paste-offset.0bf83d9d669a0b569484.js[39m[22m  919 bytes      [1m30[39m[22m  [1m[32m[emitted] [immutable][39m[22m         addon-entry-disable-paste-offset
                              [1m[32mjs/gleba/addon-entry-disable-stage-drag-select.451f4e84afd1697e19ca.js[39m[22m   1.06 KiB      [1m31[39m[22m  [1m[32m[emitted] [immutable][39m[22m         addon-entry-disable-stage-drag-select
                           [1m[32mjs/gleba/addon-entry-editor-buttons-reverse-order.8265c4c94a8520639873.js[39m[22m   1.39 KiB      [1m32[39m[22m  [1m[32m[emitted] [immutable][39m[22m         addon-entry-editor-buttons-reverse-order
                           [1m[32mjs/gleba/addon-entry-editor-colored-context-menus.241bb74a5efb58796fc1.js[39m[22m   1.75 KiB      [1m33[39m[22m  [1m[32m[emitted] [immutable][39m[22m         addon-entry-editor-colored-context-menus
                                      [1m[32mjs/gleba/addon-entry-editor-extra-keys.e3b117ecba8c87372fd0.js[39m[22m    1.9 KiB      [1m34[39m[22m  [1m[32m[emitted] [immutable][39m[22m         addon-entry-editor-extra-keys
                               [1m[32mjs/gleba/addon-entry-editor-number-arrow-keys.1cc80279bbc9f4460600.js[39m[22m   2.69 KiB      [1m35[39m[22m  [1m[32m[emitted] [immutable][39m[22m         addon-entry-editor-number-arrow-keys
                                          [1m[32mjs/gleba/addon-entry-editor-sounds.7200e0048259107bc840.js[39m[22m  661 bytes      [1m36[39m[22m  [1m[32m[emitted] [immutable][39m[22m         addon-entry-editor-sounds
                                   [1m[32mjs/gleba/addon-entry-editor-square-inputs.6f54e638d94d6bf5fb99.js[39m[22m   2.25 KiB      [1m37[39m[22m  [1m[32m[emitted] [immutable][39m[22m         addon-entry-editor-square-inputs
                                      [1m[32mjs/gleba/addon-entry-editor-stage-left.ec938bbac5640d297b67.js[39m[22m   3.39 KiB      [1m38[39m[22m  [1m[32m[emitted] [immutable][39m[22m         addon-entry-editor-stage-left
                                          [1m[32mjs/gleba/addon-entry-editor-theme3.295a4053beb6080e63d5.js[39m[22m   41.5 KiB      [1m39[39m[22m  [1m[32m[emitted] [immutable][39m[22m         addon-entry-editor-theme3
                                             [1m[32mjs/gleba/addon-entry-fullscreen.176473bbd0b5463588b5.js[39m[22m   7.96 KiB      [1m40[39m[22m  [1m[32m[emitted] [immutable][39m[22m         addon-entry-fullscreen
                                                [1m[32mjs/gleba/addon-entry-gamepad.ef5750d01d73fe8288be.js[39m[22m   31.6 KiB      [1m41[39m[22m  [1m[32m[emitted] [immutable][39m[22m         addon-entry-gamepad
                                       [1m[32mjs/gleba/addon-entry-green-flag-order.7f9d3b7780deef10f990.js[39m[22m   4.76 KiB      [1m42[39m[22m  [1m[32m[emitted] [immutable][39m[22m         addon-entry-green-flag-order
                                     [1m[32mjs/gleba/addon-entry-hide-delete-button.6cf6c702a75c37247d7d.js[39m[22m  765 bytes      [1m43[39m[22m  [1m[32m[emitted] [immutable][39m[22m         addon-entry-hide-delete-button
                                            [1m[32mjs/gleba/addon-entry-hide-flyout.81037ecba2a263111880.js[39m[22m   10.6 KiB      [1m44[39m[22m  [1m[32m[emitted] [immutable][39m[22m         addon-entry-hide-flyout
                                     [1m[32mjs/gleba/addon-entry-hide-new-variables.c10774a505c67f3c3c85.js[39m[22m  496 bytes      [1m45[39m[22m  [1m[32m[emitted] [immutable][39m[22m         addon-entry-hide-new-variables
                                             [1m[32mjs/gleba/addon-entry-hide-stage.61299080825fe3bf57af.js[39m[22m   4.53 KiB      [1m46[39m[22m  [1m[32m[emitted] [immutable][39m[22m         addon-entry-hide-stage
                             [1m[32mjs/gleba/addon-entry-initialise-sprite-position.c490534092470cce924e.js[39m[22m   1.19 KiB      [1m47[39m[22m  [1m[32m[emitted] [immutable][39m[22m         addon-entry-initialise-sprite-position
                                        [1m[32mjs/gleba/addon-entry-load-extensions.f7c89f14ebf9cd62f076.js[39m[22m  500 bytes      [1m48[39m[22m  [1m[32m[emitted] [immutable][39m[22m         addon-entry-load-extensions
                                          [1m[32mjs/gleba/addon-entry-mediarecorder.5a1949600d1db7ceb849.js[39m[22m  521 bytes      [1m49[39m[22m  [1m[32m[emitted] [immutable][39m[22m         addon-entry-mediarecorder
                                        [1m[32mjs/gleba/addon-entry-merge-operators.b68f1d358cef4ba1088e.js[39m[22m  751 bytes      [1m50[39m[22m  [1m[32m[emitted] [immutable][39m[22m         addon-entry-merge-operators
                                              [1m[32mjs/gleba/addon-entry-mouse-pos.1d72c82833f426ccafc0.js[39m[22m   2.21 KiB      [1m51[39m[22m  [1m[32m[emitted] [immutable][39m[22m         addon-entry-mouse-pos
                                      [1m[32mjs/gleba/addon-entry-move-to-top-layer.91348053ee7dd152bff7.js[39m[22m  533 bytes      [1m52[39m[22m  [1m[32m[emitted] [immutable][39m[22m         addon-entry-move-to-top-layer
                                       [1m[32mjs/gleba/addon-entry-no-category-text.8da893f451028d1f0e7f.js[39m[22m   2.15 KiB      [1m53[39m[22m  [1m[32m[emitted] [immutable][39m[22m         addon-entry-no-category-text
                                      [1m[32mjs/gleba/addon-entry-no-script-bumping.a7d835fb23c9466d3594.js[39m[22m  377 bytes      [1m54[39m[22m  [1m[32m[emitted] [immutable][39m[22m         addon-entry-no-script-bumping
                                             [1m[32mjs/gleba/addon-entry-number-pad.791f272947ee4043e496.js[39m[22m  494 bytes      [1m55[39m[22m  [1m[32m[emitted] [immutable][39m[22m         addon-entry-number-pad
                                       [1m[32mjs/gleba/addon-entry-paint-by-default.a7bf0759300e961cf090.js[39m[22m   2.36 KiB      [1m56[39m[22m  [1m[32m[emitted] [immutable][39m[22m         addon-entry-paint-by-default
                                             [1m[32mjs/gleba/addon-entry-paint-snap.a3b07f147b8630a6ae05.js[39m[22m   39.5 KiB      [1m57[39m[22m  [1m[32m[emitted] [immutable][39m[22m         addon-entry-paint-snap
                                   [1m[32mjs/gleba/addon-entry-project-size-display.bd8eb68d324046dd70a9.js[39m[22m   4.27 KiB      [1m58[39m[22m  [1m[32m[emitted] [immutable][39m[22m         addon-entry-project-size-display
                             [1m[32mjs/gleba/addon-entry-remove-curved-stage-border.60b17dae7bd1f551b4ec.js[39m[22m  418 bytes      [1m59[39m[22m  [1m[32m[emitted] [immutable][39m[22m         addon-entry-remove-curved-stage-border
                                [1m[32mjs/gleba/addon-entry-remove-extension-button.2647284e74efb177a96c.js[39m[22m  335 bytes      [1m60[39m[22m  [1m[32m[emitted] [immutable][39m[22m         addon-entry-remove-extension-button
                                  [1m[32mjs/gleba/addon-entry-remove-sprite-confirm.9222627bdd086df16d83.js[39m[22m  742 bytes      [1m61[39m[22m  [1m[32m[emitted] [immutable][39m[22m         addon-entry-remove-sprite-confirm
                                   [1m[32mjs/gleba/addon-entry-resize-selected-item.888048adcb65d0788883.js[39m[22m     11 KiB      [1m62[39m[22m  [1m[32m[emitted] [immutable][39m[22m         addon-entry-resize-selected-item
                                            [1m[32mjs/gleba/addon-entry-script-snap.edb3e6b6abeca65dce64.js[39m[22m  701 bytes      [1m63[39m[22m  [1m[32m[emitted] [immutable][39m[22m         addon-entry-script-snap
                                         [1m[32mjs/gleba/addon-entry-search-sprites.6b727e7d8d2815960be7.js[39m[22m   2.22 KiB      [1m64[39m[22m  [1m[32m[emitted] [immutable][39m[22m         addon-entry-search-sprites
                                [1m[33mjs/gleba/addon-entry-simple-project-analyzer.12565335be0817f5258c.js[39m[22m    [1m[33m261 KiB[39m[22m      [1m65[39m[22m  [1m[32m[emitted] [immutable][39m[22m  [1m[33m[big][39m[22m  addon-entry-simple-project-analyzer
                                         [1m[32mjs/gleba/addon-entry-sprite-folders.2e82eee2286d80aa099e.js[39m[22m   19.8 KiB      [1m66[39m[22m  [1m[32m[emitted] [immutable][39m[22m         addon-entry-sprite-folders
                                      [1m[32mjs/gleba/addon-entry-sprite-properties.7a7fc9c25bb4e6a19174.js[39m[22m   6.61 KiB      [1m67[39m[22m  [1m[32m[emitted] [immutable][39m[22m         addon-entry-sprite-properties
                                      [1m[32mjs/gleba/addon-entry-swap-local-global.7ef3e225442d867e2865.js[39m[22m   6.01 KiB      [1m68[39m[22m  [1m[32m[emitted] [immutable][39m[22m         addon-entry-swap-local-global
                                             [1m[32mjs/gleba/addon-entry-tab-styles.7b47c4620350b352c3e5.js[39m[22m  318 bytes      [1m69[39m[22m  [1m[32m[emitted] [immutable][39m[22m         addon-entry-tab-styles
                                                   [1m[32mjs/gleba/addon-entry-todo.d439e9e0f1963a071dda.js[39m[22m   30.9 KiB      [1m70[39m[22m  [1m[32m[emitted] [immutable][39m[22m         addon-entry-todo
                                  [1m[32mjs/gleba/addon-entry-toolbox-category-drag.7115893ecf34854956b9.js[39m[22m    4.9 KiB      [1m71[39m[22m  [1m[32m[emitted] [immutable][39m[22m         addon-entry-toolbox-category-drag
                                    [1m[32mjs/gleba/addon-entry-transparent-orphans.88a01dc535293c21e13a.js[39m[22m   1.05 KiB      [1m72[39m[22m  [1m[32m[emitted] [immutable][39m[22m         addon-entry-transparent-orphans
                             [1m[32mjs/gleba/addon-entry-tw-comment-markdown-editor.d4dd98a1f1da0932f0c7.js[39m[22m   9.89 KiB      [1m73[39m[22m  [1m[32m[emitted] [immutable][39m[22m         addon-entry-tw-comment-markdown-editor
                             [1m[32mjs/gleba/addon-entry-tw-disable-cloud-variables.94ad0c0c8299bffee607.js[39m[22m  255 bytes      [1m74[39m[22m  [1m[32m[emitted] [immutable][39m[22m         addon-entry-tw-disable-cloud-variables
                                    [1m[32mjs/gleba/addon-entry-tw-disable-compiler.6094ff7042ea5078eb97.js[39m[22m  250 bytes      [1m75[39m[22m  [1m[32m[emitted] [immutable][39m[22m         addon-entry-tw-disable-compiler
                                        [1m[32mjs/gleba/addon-entry-tw-hide-menubar.de91d4ea62cb6fcc930d.js[39m[22m   6.79 KiB      [1m76[39m[22m  [1m[32m[emitted] [immutable][39m[22m         addon-entry-tw-hide-menubar
                                     [1m[32mjs/gleba/addon-entry-tw-remove-backpack.d84471b0f38b22a92f3b.js[39m[22m  520 bytes      [1m77[39m[22m  [1m[32m[emitted] [immutable][39m[22m         addon-entry-tw-remove-backpack
                                            [1m[32mjs/gleba/addon-entry-tw-show-fps.935c40819e744c3b135c.js[39m[22m    2.2 KiB      [1m78[39m[22m  [1m[32m[emitted] [immutable][39m[22m         addon-entry-tw-show-fps
                                 [1m[32mjs/gleba/addon-entry-tw-straighten-comments.4ba284577b1f09eb5da6.js[39m[22m  542 bytes      [1m79[39m[22m  [1m[32m[emitted] [immutable][39m[22m         addon-entry-tw-straighten-comments
                                       [1m[32mjs/gleba/addon-entry-variable-manager.1b730dd634b06bc3af1a.js[39m[22m   24.5 KiB      [1m80[39m[22m  [1m[32m[emitted] [immutable][39m[22m         addon-entry-variable-manager
                                             [1m[32mjs/gleba/addon-entry-vol-slider.2f30dbbd6c3f3afc2cb1.js[39m[22m   16.8 KiB      [1m81[39m[22m  [1m[32m[emitted] [immutable][39m[22m         addon-entry-vol-slider
                                           [1m[32mjs/gleba/addon-entry-window-theme.6103779c5f326bd5060f.js[39m[22m  237 bytes      [1m82[39m[22m  [1m[32m[emitted] [immutable][39m[22m         addon-entry-window-theme
                                         [1m[32mjs/gleba/addon-entry-zebra-striping.fef941a1571113aad27d.js[39m[22m   2.42 KiB      [1m83[39m[22m  [1m[32m[emitted] [immutable][39m[22m         addon-entry-zebra-striping
                                                     [1m[32mjs/gleba/addon-settings.27bda26385639bbe4cb3.js[39m[22m    135 KiB      [1m84[39m[22m  [1m[32m[emitted] [immutable][39m[22m         addon-settings
            [1m[32mjs/gleba/addon-settings~community~editor~embed~fullscreen~player.b1ce5ff49212eaa53d32.js[39m[22m    115 KiB       [1m0[39m[22m  [1m[32m[emitted] [immutable][39m[22m         addon-settings~community~editor~embed~fullscreen~player
                      [1m[32mjs/gleba/addon-settings~editor~embed~fullscreen~player.e4224751024fcae3e2cb.js[39m[22m     70 KiB       [1m3[39m[22m  [1m[32m[emitted] [immutable][39m[22m         addon-settings~editor~embed~fullscreen~player
                                                             [1m[32mjs/gleba/addons.893de2b3e9218f65c69c.js[39m[22m   41.5 KiB      [1m85[39m[22m  [1m[32m[emitted] [immutable][39m[22m         addons
                                                          [1m[33mjs/gleba/community.620e20e377ee4a8599cc.js[39m[22m    [1m[33m469 KiB[39m[22m      [1m86[39m[22m  [1m[32m[emitted] [immutable][39m[22m  [1m[33m[big][39m[22m  community
                           [1m[33mjs/gleba/community~editor~embed~fullscreen~player.6fcd4782141fc15b4ff8.js[39m[22m    [1m[33m562 KiB[39m[22m       [1m4[39m[22m  [1m[32m[emitted] [immutable][39m[22m  [1m[33m[big][39m[22m  community~editor~embed~fullscreen~player
                                                             [1m[32mjs/gleba/editor.da74bcffda5123e73b0e.js[39m[22m   7.36 KiB      [1m87[39m[22m  [1m[32m[emitted] [immutable][39m[22m         editor
                                     [1m[33mjs/gleba/editor~embed~fullscreen~player.4b18e80e2c92b5ef05be.js[39m[22m   [1m[33m3.42 MiB[39m[22m       [1m6[39m[22m  [1m[32m[emitted] [immutable][39m[22m  [1m[33m[big][39m[22m  editor~embed~fullscreen~player
                                           [1m[32mjs/gleba/editor~fullscreen~player.71dca2439185c1ed962f.js[39m[22m   47.1 KiB       [1m8[39m[22m  [1m[32m[emitted] [immutable][39m[22m         editor~fullscreen~player
                                                              [1m[32mjs/gleba/embed.1315594bc27bc45b0965.js[39m[22m   81.7 KiB      [1m88[39m[22m  [1m[32m[emitted] [immutable][39m[22m         embed
                                                   [1m[32mjs/gleba/extension worker.e43932ab7b669487c7e7.js[39m[22m   39.4 KiB        [1m[39m[22m  [1m[32m[emitted] [immutable][39m[22m         
                                                         [1m[32mjs/gleba/fullscreen.cc229c395af79564e87d.js[39m[22m   7.39 KiB      [1m89[39m[22m  [1m[32m[emitted] [immutable][39m[22m         fullscreen
                                                           [1m[33mjs/gleba/git-libs.901f64badcf62f5b0082.js[39m[22m    [1m[33m376 KiB[39m[22m       [1m1[39m[22m  [1m[32m[emitted] [immutable][39m[22m  [1m[33m[big][39m[22m  git-libs
                                            [1m[32mjs/gleba/iframe-extension-worker.c345d1470b0b2544fa80.js[39m[22m   42.2 KiB      [1m90[39m[22m  [1m[32m[emitted] [immutable][39m[22m         iframe-extension-worker
                                                  [1m[32mjs/gleba/library-backdrops.2c8adbf2c98ac19add88.js[39m[22m   19.7 KiB      [1m91[39m[22m  [1m[32m[emitted] [immutable][39m[22m         library-backdrops
                                                   [1m[32mjs/gleba/library-costumes.ac2d8786000addfa61b6.js[39m[22m    204 KiB      [1m92[39m[22m  [1m[32m[emitted] [immutable][39m[22m         library-costumes
                                                     [1m[32mjs/gleba/library-sounds.2e7774eaeed27096a194.js[39m[22m   68.6 KiB      [1m93[39m[22m  [1m[32m[emitted] [immutable][39m[22m         library-sounds
                                                    [1m[33mjs/gleba/library-sprites.832f887728e43a3be133.js[39m[22m    [1m[33m284 KiB[39m[22m      [1m94[39m[22m  [1m[32m[emitted] [immutable][39m[22m  [1m[33m[big][39m[22m  library-sprites
                                                             [1m[32mjs/gleba/player.1c1615528a7af0454ffd.js[39m[22m   7.37 KiB      [1m95[39m[22m  [1m[32m[emitted] [immutable][39m[22m         player
                                                                 [1m[33mjs/gleba/sb.0cad724de94b86e9e790.js[39m[22m   [1m[33m1.16 MiB[39m[22m       [1m9[39m[22m  [1m[32m[emitted] [immutable][39m[22m  [1m[33m[big][39m[22m  sb
    [1m[32mjs/gleba/vendors~addon-settings~community~editor~embed~fullscreen~player.a416bc4d79a000946f9c.js[39m[22m    192 KiB       [1m2[39m[22m  [1m[32m[emitted] [immutable][39m[22m         vendors~addon-settings~community~editor~embed~fullscreen~player
                   [1m[32mjs/gleba/vendors~community~editor~embed~fullscreen~player.2ea453e768921ca95a8e.js[39m[22m    192 KiB       [1m5[39m[22m  [1m[32m[emitted] [immutable][39m[22m         vendors~community~editor~embed~fullscreen~player
                             [1m[33mjs/gleba/vendors~editor~embed~fullscreen~player.d89d5a38548ae8c28c6c.js[39m[22m   [1m[33m3.28 MiB[39m[22m       [1m7[39m[22m  [1m[32m[emitted] [immutable][39m[22m  [1m[33m[big][39m[22m  vendors~editor~embed~fullscreen~player
                                                              [1m[33mjs/gleba/xterm.1bafc8b4b09ffc58c9b8.js[39m[22m    [1m[33m358 KiB[39m[22m      [1m10[39m[22m  [1m[32m[emitted] [immutable][39m[22m  [1m[33m[big][39m[22m  xterm
                                                                                [1m[32mmanifest.webmanifest[39m[22m  597 bytes        [1m[39m[22m  [1m[32m[emitted][39m[22m                     
                                                                          [1m[32mmicrobit/pine-microbit.hex[39m[22m   47 bytes        [1m[39m[22m  [1m[32m[emitted][39m[22m                     
                                                                                         [1m[32mplayer.html[39m[22m   7.95 KiB        [1m[39m[22m  [1m[32m[emitted][39m[22m                     
                                                                                        [1m[32mprivacy.html[39m[22m   15.4 KiB        [1m[39m[22m  [1m[32m[emitted][39m[22m                     
                                                                                          [1m[32mrobots.txt[39m[22m   50 bytes        [1m[39m[22m  [1m[32m[emitted][39m[22m                     
                                                                           [1m[32msb3-postmessage-test.html[39m[22m   6.48 KiB        [1m[39m[22m  [1m[32m[emitted][39m[22m                     
                                                  [1m[32mstatic/assets/00aa0c4320b93631ab3c223604ead431.svg[39m[22m   2.98 KiB        [1m[39m[22m  [1m[32m[emitted] [immutable][39m[22m         
                                                  [1m[32mstatic/assets/048d12d9e01a42ab48fb6ce57100f6f8.mp3[39m[22m   45.3 KiB        [1m[39m[22m  [1m[32m[emitted] [immutable][39m[22m         
                                                  [1m[32mstatic/assets/06fd0604a4bf62a2b706edc23e49a086.mp3[39m[22m   73.8 KiB        [1m[39m[22m  [1m[32m[emitted] [immutable][39m[22m         
                                                  [1m[32mstatic/assets/080a4d02304b62c8610a24629aebc1e9.png[39m[22m   4.86 KiB        [1m[39m[22m  [1m[32m[emitted] [immutable][39m[22m         
                                                  [1m[32mstatic/assets/0fcaae1619b39b62879abf31bbe3bd34.svg[39m[22m   2.41 KiB        [1m[39m[22m  [1m[32m[emitted] [immutable][39m[22m         
                                                  [1m[32mstatic/assets/15f2789dd231f36d43a4839306b3a2cb.svg[39m[22m   30.7 KiB        [1m[39m[22m  [1m[32m[emitted] [immutable][39m[22m         
                                                  [1m[32mstatic/assets/165746cd277a144ddefd62ac5d67b696.svg[39m[22m   2.66 KiB        [1m[39m[22m  [1m[32m[emitted] [immutable][39m[22m         
                                                  [1m[32mstatic/assets/1900166faa9222d0d10c568a12c848a5.png[39m[22m   4.36 KiB        [1m[39m[22m  [1m[32m[emitted] [immutable][39m[22m         
                                                  [1m[32mstatic/assets/19161c89a6ca04006606ca3f4f91fdec.mp3[39m[22m   21.7 KiB        [1m[39m[22m  [1m[32m[emitted] [immutable][39m[22m         
                                                  [1m[32mstatic/assets/1ac03a53ecc806b652579f9f8da7c58a.mp3[39m[22m   26.5 KiB        [1m[39m[22m  [1m[32m[emitted] [immutable][39m[22m         
                                                  [1m[32mstatic/assets/1bff35b71e6f52017b123be4f9904d54.mp3[39m[22m   52.4 KiB        [1m[39m[22m  [1m[32m[emitted] [immutable][39m[22m         
                                                  [1m[32mstatic/assets/1c8b575f37b1a519fc3cdc5183bb85c0.mp3[39m[22m   27.8 KiB        [1m[39m[22m  [1m[32m[emitted] [immutable][39m[22m         
                                                  [1m[32mstatic/assets/1c9099a7cf1c142492de1603b20b0d44.mp3[39m[22m    2.9 KiB        [1m[39m[22m  [1m[32m[emitted] [immutable][39m[22m         
                                                 [1m[32mstatic/assets/1fef352a4021940e309a0cc0794be0f8.woff[39m[22m   26.9 KiB        [1m[39m[22m  [1m[32m[emitted] [immutable][39m[22m         
                                                [1m[32mstatic/assets/208e2134a0e95cbdd211a82d2863d88d.woff2[39m[22m   73.6 KiB        [1m[39m[22m  [1m[32m[emitted] [immutable][39m[22m         
                                                  [1m[32mstatic/assets/223d68e7b8769bac1f33291514ce5bac.svg[39m[22m    2.6 KiB        [1m[39m[22m  [1m[32m[emitted] [immutable][39m[22m         
                                                  [1m[32mstatic/assets/2291f2138819385c9a5750130f254f90.mp3[39m[22m   4.33 KiB        [1m[39m[22m  [1m[32m[emitted] [immutable][39m[22m         
                                                  [1m[32mstatic/assets/2352f743e6b883d53e0b09b84ddea79b.mp3[39m[22m     23 KiB        [1m[39m[22m  [1m[32m[emitted] [immutable][39m[22m         
                                                  [1m[32mstatic/assets/23d5956ad3641d4663a17353c71477b0.mp3[39m[22m   24.9 KiB        [1m[39m[22m  [1m[32m[emitted] [immutable][39m[22m         
                                                  [1m[32mstatic/assets/2501d1b87cf04e00cc3a623fa8b5d95c.svg[39m[22m   2.14 KiB        [1m[39m[22m  [1m[32m[emitted] [immutable][39m[22m         
                                                  [1m[32mstatic/assets/25c294b62fe9e614db125a4f65cc6044.mp3[39m[22m   27.4 KiB        [1m[39m[22m  [1m[32m[emitted] [immutable][39m[22m         
                                                  [1m[32mstatic/assets/2613dd347943b2ed7c6edb22e0cf7e0a.mp3[39m[22m   33.1 KiB        [1m[39m[22m  [1m[32m[emitted] [immutable][39m[22m         
                                                  [1m[32mstatic/assets/26a4aecd5158e8663b90d5edfba5e25a.mp3[39m[22m   5.15 KiB        [1m[39m[22m  [1m[32m[emitted] [immutable][39m[22m         
                                                  [1m[32mstatic/assets/296357261fb7d74c06765aadb0ff1026.svg[39m[22m   13.1 KiB        [1m[39m[22m  [1m[32m[emitted] [immutable][39m[22m         
                                                  [1m[32mstatic/assets/2bae7059d4f81f344b02cc34567e548d.mp3[39m[22m   24.1 KiB        [1m[39m[22m  [1m[32m[emitted] [immutable][39m[22m         
                                                [1m[32mstatic/assets/2e6994cc7c70b524c649f60346bdcb3a.woff2[39m[22m   19.6 KiB        [1m[39m[22m  [1m[32m[emitted] [immutable][39m[22m         
                                                  [1m[32mstatic/assets/2ec048ddd7a7e30b94f8d24c22892112.mp3[39m[22m   35.9 KiB        [1m[39m[22m  [1m[32m[emitted] [immutable][39m[22m         
                                                  [1m[32mstatic/assets/306ffbcffad0d931fb1d158dd812f3fe.svg[39m[22m    7.1 KiB        [1m[39m[22m  [1m[32m[emitted] [immutable][39m[22m         
                                                  [1m[32mstatic/assets/311ef566eba52b1729fd02d8944b4378.mp3[39m[22m   3.33 KiB        [1m[39m[22m  [1m[32m[emitted] [immutable][39m[22m         
                                                  [1m[32mstatic/assets/3299cad6fda8c0a3d957a5ea75060677.mp3[39m[22m   29.2 KiB        [1m[39m[22m  [1m[32m[emitted] [immutable][39m[22m         
                                                  [1m[32mstatic/assets/32d903cafc72328bd30afce14bfa4c79.svg[39m[22m   2.01 KiB        [1m[39m[22m  [1m[32m[emitted] [immutable][39m[22m         
                                                  [1m[32mstatic/assets/32e0021542e34f09a747322d11868f23.mp3[39m[22m   28.2 KiB        [1m[39m[22m  [1m[32m[emitted] [immutable][39m[22m         
                                                  [1m[32mstatic/assets/344dc88f4d5187f0d86f2f13c9ef1727.mp3[39m[22m   4.99 KiB        [1m[39m[22m  [1m[32m[emitted] [immutable][39m[22m         
                                                  [1m[32mstatic/assets/352dc6cd98d372680a5297f6ffc50ec4.mp3[39m[22m   3.72 KiB        [1m[39m[22m  [1m[32m[emitted] [immutable][39m[22m         
                                                  [1m[32mstatic/assets/367d7189e8dac8a0ca2828830a91db83.mp3[39m[22m   16.7 KiB        [1m[39m[22m  [1m[32m[emitted] [immutable][39m[22m         
                                                  [1m[32mstatic/assets/37954fe300d44f8765b6d48b2836fcf5.png[39m[22m   20.6 KiB        [1m[39m[22m  [1m[32m[emitted] [immutable][39m[22m         
                                                  [1m[32mstatic/assets/3c06b74c80d1e6b1d210ca86c87cd326.svg[39m[22m   3.38 KiB        [1m[39m[22m  [1m[32m[emitted] [immutable][39m[22m         
                                                  [1m[32mstatic/assets/3d55b957c09e11fe0d75f4f2a84bdf53.mp3[39m[22m   27.4 KiB        [1m[39m[22m  [1m[32m[emitted] [immutable][39m[22m         
                                                  [1m[32mstatic/assets/3fb3bccce5aeedb93a2b09cf02cd79c6.png[39m[22m   5.03 KiB        [1m[39m[22m  [1m[32m[emitted] [immutable][39m[22m         
                                                  [1m[32mstatic/assets/40167d33efb7d0929a3bcbc591fc78b0.svg[39m[22m   4.07 KiB        [1m[39m[22m  [1m[32m[emitted] [immutable][39m[22m         
                                                  [1m[32mstatic/assets/41ebcde49032d543af1a2c843a725834.mp3[39m[22m     30 KiB        [1m[39m[22m  [1m[32m[emitted] [immutable][39m[22m         
                                                  [1m[32mstatic/assets/4734f3fe917e80ae53b9f1f4e3d62147.mp3[39m[22m   24.1 KiB        [1m[39m[22m  [1m[32m[emitted] [immutable][39m[22m         
                                                  [1m[32mstatic/assets/484c379b1da007ecb5f66780a119fa2e.mp3[39m[22m   2.52 KiB        [1m[39m[22m  [1m[32m[emitted] [immutable][39m[22m         
                                                  [1m[32mstatic/assets/48df3abff5e8eb9a597f355daaf5348c.png[39m[22m   41.6 KiB        [1m[39m[22m  [1m[32m[emitted] [immutable][39m[22m         
                                                  [1m[32mstatic/assets/527756fb4ee6a19086a69e0ea8355b5c.mp3[39m[22m   27.8 KiB        [1m[39m[22m  [1m[32m[emitted] [immutable][39m[22m         
                                                  [1m[32mstatic/assets/52ac58d8ef4e53d6449e592b68359d46.mp3[39m[22m   78.5 KiB        [1m[39m[22m  [1m[32m[emitted] [immutable][39m[22m         
                                                  [1m[32mstatic/assets/52d442dc8e71307ec251603d1edd35f0.mp3[39m[22m   30.7 KiB        [1m[39m[22m  [1m[32m[emitted] [immutable][39m[22m         
                                                  [1m[32mstatic/assets/5610fba29744cce750f1da6c6091ecac.mp3[39m[22m   28.3 KiB        [1m[39m[22m  [1m[32m[emitted] [immutable][39m[22m         
                                                  [1m[32mstatic/assets/566d73a090e3d42d5bdfee3d92c79d25.svg[39m[22m   2.57 KiB        [1m[39m[22m  [1m[32m[emitted] [immutable][39m[22m         
                                                  [1m[32mstatic/assets/574cfe3919f6ae6aeac35dad3867fca5.png[39m[22m   4.45 KiB        [1m[39m[22m  [1m[32m[emitted] [immutable][39m[22m         
                                                  [1m[32mstatic/assets/579529cc3c40887f6ecc771c4b39809d.mp3[39m[22m   55.9 KiB        [1m[39m[22m  [1m[32m[emitted] [immutable][39m[22m         
                                                [1m[32mstatic/assets/5796214a21c5c1727ed7b08096ee7cff.woff2[39m[22m   97.2 KiB        [1m[39m[22m  [1m[32m[emitted] [immutable][39m[22m         
                                                  [1m[32mstatic/assets/5806b83b25c8d6b4a46d2b8e2cb4fafc.png[39m[22m   5.15 KiB        [1m[39m[22m  [1m[32m[emitted] [immutable][39m[22m         
                                                  [1m[32mstatic/assets/589eaf6a247df5343b584fd0fa848489.svg[39m[22m   2.54 KiB        [1m[39m[22m  [1m[32m[emitted] [immutable][39m[22m         
                                                  [1m[32mstatic/assets/5b5e7dd645a0e3891de6e5d937cca6a6.svg[39m[22m    4.3 KiB        [1m[39m[22m  [1m[32m[emitted] [immutable][39m[22m         
                                                  [1m[32mstatic/assets/64e4a905e7c3ab32ef03272631c3df75.png[39m[22m   38.3 KiB        [1m[39m[22m  [1m[32m[emitted] [immutable][39m[22m         
                                                  [1m[32mstatic/assets/64e66a9dcf4b42a699f49e5973a4a62e.svg[39m[22m   3.38 KiB        [1m[39m[22m  [1m[32m[emitted] [immutable][39m[22m         
                                                  [1m[32mstatic/assets/65715c37a18debd4b44a80c478a3abd7.svg[39m[22m   5.47 KiB        [1m[39m[22m  [1m[32m[emitted] [immutable][39m[22m         
                                                  [1m[32mstatic/assets/674db5c2e49df884273ac0f7d221865c.svg[39m[22m   2.58 KiB        [1m[39m[22m  [1m[32m[emitted] [immutable][39m[22m         
                                                [1m[32mstatic/assets/6cd3397308e11e6d925446470b906f2a.woff2[39m[22m   17.1 KiB        [1m[39m[22m  [1m[32m[emitted] [immutable][39m[22m         
                                                  [1m[32mstatic/assets/6d912e9240790715a077d422cdbc19a5.mp3[39m[22m   26.3 KiB        [1m[39m[22m  [1m[32m[emitted] [immutable][39m[22m         
                                                  [1m[32mstatic/assets/6e51f9cfc9bfca2f4fb88d1fe1ec2615.png[39m[22m   25.8 KiB        [1m[39m[22m  [1m[32m[emitted] [immutable][39m[22m         
                                                  [1m[32mstatic/assets/7231a404390e5fe96856a5ec5182745c.mp3[39m[22m   9.62 KiB        [1m[39m[22m  [1m[32m[emitted] [immutable][39m[22m         
                                                [1m[32mstatic/assets/75f5f189fdc419824a8134db6eb63881.woff2[39m[22m   30.3 KiB        [1m[39m[22m  [1m[32m[emitted] [immutable][39m[22m         
                                                  [1m[32mstatic/assets/76024aad6524bdf0e8d438f4d024e581.png[39m[22m   29.4 KiB        [1m[39m[22m  [1m[32m[emitted] [immutable][39m[22m         
                                                  [1m[32mstatic/assets/78e3f697df85275aa8d384ca6fc0e288.svg[39m[22m   2.66 KiB        [1m[39m[22m  [1m[32m[emitted] [immutable][39m[22m         
                                                  [1m[32mstatic/assets/79a644579518611a7b397f85a32cfb85.svg[39m[22m   2.21 KiB        [1m[39m[22m  [1m[32m[emitted] [immutable][39m[22m         
                                                  [1m[32mstatic/assets/7ad5cc6ed3d0a5fd6a273078fe3999f0.svg[39m[22m   3.15 KiB        [1m[39m[22m  [1m[32m[emitted] [immutable][39m[22m         
                                                  [1m[32mstatic/assets/7bd83c9ad44bff4a20f0c19726adf8be.svg[39m[22m   23.6 KiB        [1m[39m[22m  [1m[32m[emitted] [immutable][39m[22m         
                                                  [1m[32mstatic/assets/7c410b6c3cd2a9ee41505c5c6951bbf6.png[39m[22m   3.74 KiB        [1m[39m[22m  [1m[32m[emitted] [immutable][39m[22m         
                                                  [1m[32mstatic/assets/7c8c1a1c5df4031368b02524100c25ad.png[39m[22m   4.46 KiB        [1m[39m[22m  [1m[32m[emitted] [immutable][39m[22m         
                                                  [1m[32mstatic/assets/7cf82cd9bd601cfee5e715c0eb5343ef.mp3[39m[22m   22.6 KiB        [1m[39m[22m  [1m[32m[emitted] [immutable][39m[22m         
                                                  [1m[32mstatic/assets/7d043362c1c4cabd22aeb93b43fc5fc6.svg[39m[22m     44 KiB        [1m[39m[22m  [1m[32m[emitted] [immutable][39m[22m         
                                                  [1m[32mstatic/assets/7d2d28d80d4ae06acb4fdbde429448e6.svg[39m[22m   3.27 KiB        [1m[39m[22m  [1m[32m[emitted] [immutable][39m[22m         
                                                  [1m[32mstatic/assets/7efe82fffae735cd083388badd51b3fa.svg[39m[22m   2.58 KiB        [1m[39m[22m  [1m[32m[emitted] [immutable][39m[22m         
                                                  [1m[32mstatic/assets/82072226e8cf716289165650c31eeda2.svg[39m[22m   10.9 KiB        [1m[39m[22m  [1m[32m[emitted] [immutable][39m[22m         
                                                  [1m[32mstatic/assets/831a9fd5f488f356a5031c289e4c35fe.svg[39m[22m   18.5 KiB        [1m[39m[22m  [1m[32m[emitted] [immutable][39m[22m         
                                                  [1m[32mstatic/assets/8505df165b778979791da5caaee96fea.png[39m[22m   19.1 KiB        [1m[39m[22m  [1m[32m[emitted] [immutable][39m[22m         
                                                  [1m[32mstatic/assets/8589d7e6689f31ec2c251be25ac95c1b.mp3[39m[22m   33.6 KiB        [1m[39m[22m  [1m[32m[emitted] [immutable][39m[22m         
                                                  [1m[32mstatic/assets/85f62e9e77bed58778782e6cce58c1f4.svg[39m[22m   2.68 KiB        [1m[39m[22m  [1m[32m[emitted] [immutable][39m[22m         
                                                  [1m[32mstatic/assets/86f568a0ecc0badac2c4952b39fff148.svg[39m[22m   13.4 KiB        [1m[39m[22m  [1m[32m[emitted] [immutable][39m[22m         
                                                  [1m[32mstatic/assets/8969372a821bd2a0170ed9a68a3e238d.png[39m[22m   9.56 KiB        [1m[39m[22m  [1m[32m[emitted] [immutable][39m[22m         
                                                  [1m[33mstatic/assets/8a8912773b36015e48a4ef67ec627323.png[39m[22m    [1m[33m523 KiB[39m[22m        [1m[39m[22m  [1m[32m[emitted] [immutable][39m[22m  [1m[33m[big][39m[22m  
                                                  [1m[32mstatic/assets/912e19a8fe314f46ab3df3fed9578a29.mp3[39m[22m   58.9 KiB        [1m[39m[22m  [1m[32m[emitted] [immutable][39m[22m         
                                                  [1m[32mstatic/assets/93babda8f98fc8009c28e97f1f118b6f.png[39m[22m   9.58 KiB        [1m[39m[22m  [1m[32m[emitted] [immutable][39m[22m         
                                                  [1m[33mstatic/assets/945297ca77c041c98377f204e1af772e.svg[39m[22m   [1m[33m1.96 MiB[39m[22m        [1m[39m[22m  [1m[32m[emitted] [immutable][39m[22m  [1m[33m[big][39m[22m  
                                                  [1m[32mstatic/assets/96d18383c71ad5ceff1152859b46c508.mp3[39m[22m   44.6 KiB        [1m[39m[22m  [1m[32m[emitted] [immutable][39m[22m         
                                                  [1m[32mstatic/assets/98bfc66ce081a3750f3b59ab67d0ac75.svg[39m[22m   9.36 KiB        [1m[39m[22m  [1m[32m[emitted] [immutable][39m[22m         
                                                  [1m[32mstatic/assets/9c0ac6e5681567da6d6f6004ba107658.svg[39m[22m   9.49 KiB        [1m[39m[22m  [1m[32m[emitted] [immutable][39m[22m         
                                                  [1m[32mstatic/assets/9c604018c786598c0f198af5e798cd16.png[39m[22m   38.4 KiB        [1m[39m[22m  [1m[32m[emitted] [immutable][39m[22m         
                                                  [1m[32mstatic/assets/9d5be1463602fd5ac397d01e8a436eb2.png[39m[22m   26.3 KiB        [1m[39m[22m  [1m[32m[emitted] [immutable][39m[22m         
                                                  [1m[32mstatic/assets/9d76e4ccf26072c4bddaa81a765ab08a.mp3[39m[22m   29.8 KiB        [1m[39m[22m  [1m[32m[emitted] [immutable][39m[22m         
                                                  [1m[32mstatic/assets/9dd762d2341b19212ccca2e097f760b2.png[39m[22m     24 KiB        [1m[39m[22m  [1m[32m[emitted] [immutable][39m[22m         
                                                  [1m[32mstatic/assets/a11919e102077f40302da55fb9150440.svg[39m[22m   2.09 KiB        [1m[39m[22m  [1m[32m[emitted] [immutable][39m[22m         
                                                  [1m[32mstatic/assets/a16ff5830a119789f5bc5d29a42ace64.mp3[39m[22m   19.3 KiB        [1m[39m[22m  [1m[32m[emitted] [immutable][39m[22m         
                                                  [1m[32mstatic/assets/a386a58fa9c00de141c32b5b11e5327e.mp3[39m[22m   5.11 KiB        [1m[39m[22m  [1m[32m[emitted] [immutable][39m[22m         
                                                  [1m[32mstatic/assets/a42b5a072afdc2d1aa55accfb1168fb3.mp3[39m[22m   10.2 KiB        [1m[39m[22m  [1m[32m[emitted] [immutable][39m[22m         
                                                  [1m[32mstatic/assets/a72a652fdc84dc6983d3cc9596c36a26.svg[39m[22m   2.96 KiB        [1m[39m[22m  [1m[32m[emitted] [immutable][39m[22m         
                                                  [1m[32mstatic/assets/a9eccab64d64a3114344d56af142741e.mp3[39m[22m   27.9 KiB        [1m[39m[22m  [1m[32m[emitted] [immutable][39m[22m         
                                                  [1m[32mstatic/assets/adc0b35e696de431abb9dd3ea90a5deb.svg[39m[22m   3.22 KiB        [1m[39m[22m  [1m[32m[emitted] [immutable][39m[22m         
                                                  [1m[32mstatic/assets/af0caec5f8ac3a35c9769e1e07918e14.mp3[39m[22m   57.4 KiB        [1m[39m[22m  [1m[32m[emitted] [immutable][39m[22m         
                                                  [1m[32mstatic/assets/af8e46c9477a8cadeb6c26b4686407a5.svg[39m[22m   2.46 KiB        [1m[39m[22m  [1m[32m[emitted] [immutable][39m[22m         
                                                  [1m[32mstatic/assets/b1f026ce265c0f666e2063ef94b06109.svg[39m[22m   3.29 KiB        [1m[39m[22m  [1m[32m[emitted] [immutable][39m[22m         
                                                  [1m[32mstatic/assets/b2b4ad5307e24c6627f2077478017981.mp3[39m[22m   26.2 KiB        [1m[39m[22m  [1m[32m[emitted] [immutable][39m[22m         
                                                  [1m[32mstatic/assets/b5f8889e91e6d51fc294dfd1125c1240.mp3[39m[22m     33 KiB        [1m[39m[22m  [1m[32m[emitted] [immutable][39m[22m         
                                                  [1m[32mstatic/assets/b631383707e87a454b479dedaa8ca014.svg[39m[22m   3.51 KiB        [1m[39m[22m  [1m[32m[emitted] [immutable][39m[22m         
                                                  [1m[32mstatic/assets/b74faacb619dad0b5f3871a04a6bcd0e.mp3[39m[22m   5.86 KiB        [1m[39m[22m  [1m[32m[emitted] [immutable][39m[22m         
                                                  [1m[32mstatic/assets/b797181c93b3755f4fa1258a4cca14d4.ttf[39m[22m   70.8 KiB        [1m[39m[22m  [1m[32m[emitted] [immutable][39m[22m         
                                                  [1m[32mstatic/assets/bc0fbf502b38884f440135ddae40016d.svg[39m[22m   2.46 KiB        [1m[39m[22m  [1m[32m[emitted] [immutable][39m[22m         
                                                  [1m[32mstatic/assets/bd1e18eb36346861c5c57be8ed2ba5e3.mp3[39m[22m   14.7 KiB        [1m[39m[22m  [1m[32m[emitted] [immutable][39m[22m         
                                                  [1m[32mstatic/assets/bf550f4c2ff75abf5d2d76e87470af92.svg[39m[22m   2.18 KiB        [1m[39m[22m  [1m[32m[emitted] [immutable][39m[22m         
                                                  [1m[32mstatic/assets/bf99fbafe9a01e45da63a6874cd8f4b2.mp3[39m[22m   32.6 KiB        [1m[39m[22m  [1m[32m[emitted] [immutable][39m[22m         
                                                  [1m[32mstatic/assets/c14c0c1e852949eff4e6c069772b0015.svg[39m[22m      2 KiB        [1m[39m[22m  [1m[32m[emitted] [immutable][39m[22m         
                                                  [1m[32mstatic/assets/c20d558f1fc823a96de910456827d90c.mp3[39m[22m   23.3 KiB        [1m[39m[22m  [1m[32m[emitted] [immutable][39m[22m         
                                                  [1m[32mstatic/assets/c216c70ef78cc80a1538a3accc6612af.svg[39m[22m   3.93 KiB        [1m[39m[22m  [1m[32m[emitted] [immutable][39m[22m         
                                                  [1m[32mstatic/assets/c3a88fa1746d8e5169db188302979317.svg[39m[22m   13.4 KiB        [1m[39m[22m  [1m[32m[emitted] [immutable][39m[22m         
                                                  [1m[32mstatic/assets/c40ccf288c211a9441bb714db775d334.mp3[39m[22m    2.5 KiB        [1m[39m[22m  [1m[32m[emitted] [immutable][39m[22m         
                                                  [1m[32mstatic/assets/c5b3d36982acf8f9acc53c3964100460.mp3[39m[22m     25 KiB        [1m[39m[22m  [1m[32m[emitted] [immutable][39m[22m         
                                                  [1m[32mstatic/assets/c6ab79fc9e76cb500fc83b6f1c6437d0.png[39m[22m   14.5 KiB        [1m[39m[22m  [1m[32m[emitted] [immutable][39m[22m         
                                                  [1m[32mstatic/assets/c73619fea5bb43c53a080399a35273be.png[39m[22m   17.7 KiB        [1m[39m[22m  [1m[32m[emitted] [immutable][39m[22m         
                                                [1m[32mstatic/assets/cb3ac3b4a8540f50937a86af7eb4663c.woff2[39m[22m    166 KiB        [1m[39m[22m  [1m[32m[emitted] [immutable][39m[22m         
                                                  [1m[32mstatic/assets/cd200d8b59d5c3d4ff3a69a774f5fac3.svg[39m[22m   3.23 KiB        [1m[39m[22m  [1m[32m[emitted] [immutable][39m[22m         
                                                  [1m[32mstatic/assets/cf07199bb768b01e6ac2a5c68fd8c3bb.svg[39m[22m   5.82 KiB        [1m[39m[22m  [1m[32m[emitted] [immutable][39m[22m         
                                                [1m[32mstatic/assets/d04352f240062b100fba0eff7f328200.woff2[39m[22m   20.7 KiB        [1m[39m[22m  [1m[32m[emitted] [immutable][39m[22m         
                                                  [1m[32mstatic/assets/d1f14e4e1372d8f9c0908d2f45aa5b54.svg[39m[22m   55.4 KiB        [1m[39m[22m  [1m[32m[emitted] [immutable][39m[22m         
                                                  [1m[32mstatic/assets/d1f6af6170e0178514f35fedc62e5eab.svg[39m[22m   2.14 KiB        [1m[39m[22m  [1m[32m[emitted] [immutable][39m[22m         
                                                  [1m[32mstatic/assets/d4708e8517c8e85b5c1948c845e662ba.mp3[39m[22m   24.1 KiB        [1m[39m[22m  [1m[32m[emitted] [immutable][39m[22m         
                                                  [1m[32mstatic/assets/da4e7849bbd8c2b5cd7ef3169ff80c29.png[39m[22m    4.7 KiB        [1m[39m[22m  [1m[32m[emitted] [immutable][39m[22m         
                                                  [1m[32mstatic/assets/db18366b02c46fdf9033c9a4a13f911b.png[39m[22m   16.9 KiB        [1m[39m[22m  [1m[32m[emitted] [immutable][39m[22m         
                                                  [1m[32mstatic/assets/dd8f636a1df01f3d3768998081387ea4.mp3[39m[22m   3.18 KiB        [1m[39m[22m  [1m[32m[emitted] [immutable][39m[22m         
                                                  [1m[32mstatic/assets/df66578b128b26f9b1797ab0eb03c615.svg[39m[22m   3.05 KiB        [1m[39m[22m  [1m[32m[emitted] [immutable][39m[22m         
                                                  [1m[32mstatic/assets/e3a21b920ed4b4c2d9830ec68132c011.svg[39m[22m   8.12 KiB        [1m[39m[22m  [1m[32m[emitted] [immutable][39m[22m         
                                                  [1m[32mstatic/assets/e3af35844a01f8f64d2bea326db21a35.mp3[39m[22m   31.6 KiB        [1m[39m[22m  [1m[32m[emitted] [immutable][39m[22m         
                                                  [1m[32mstatic/assets/e4dfc45f34b4606356c4c70ba14a96f0.svg[39m[22m   3.35 KiB        [1m[39m[22m  [1m[32m[emitted] [immutable][39m[22m         
                                                  [1m[32mstatic/assets/e6e16daaf665399c8826497dfb888260.svg[39m[22m   15.2 KiB        [1m[39m[22m  [1m[32m[emitted] [immutable][39m[22m         
                                                  [1m[32mstatic/assets/e75c65e1679e0cc2800caa5c47823daa.mp3[39m[22m   3.59 KiB        [1m[39m[22m  [1m[32m[emitted] [immutable][39m[22m         
                                                  [1m[32mstatic/assets/e8301440cd42f18407596ea13d14e40c.png[39m[22m   4.64 KiB        [1m[39m[22m  [1m[32m[emitted] [immutable][39m[22m         
                                                  [1m[32mstatic/assets/e91530fe8f85b7fdc983b48ab3b9885d.svg[39m[22m   2.33 KiB        [1m[39m[22m  [1m[32m[emitted] [immutable][39m[22m         
                                                  [1m[32mstatic/assets/ebaa5f9c052a754bee23bbd8770371d2.png[39m[22m   4.36 KiB        [1m[39m[22m  [1m[32m[emitted] [immutable][39m[22m         
                                                  [1m[32mstatic/assets/ecea3eba4a9e187eb6cc7cc6a6b4bb4d.mp3[39m[22m   24.1 KiB        [1m[39m[22m  [1m[32m[emitted] [immutable][39m[22m         
                                                  [1m[32mstatic/assets/ed3fe9e11706e76990709ac2e567ada6.svg[39m[22m    2.1 KiB        [1m[39m[22m  [1m[32m[emitted] [immutable][39m[22m         
                                                  [1m[32mstatic/assets/ef4a998a82a8567de018baa4607bc6a0.svg[39m[22m   7.94 KiB        [1m[39m[22m  [1m[32m[emitted] [immutable][39m[22m         
                                                [1m[32mstatic/assets/f108ac9d733ce5d45cdea3b7828e8658.woff2[39m[22m   3.68 KiB        [1m[39m[22m  [1m[32m[emitted] [immutable][39m[22m         
                                                  [1m[32mstatic/assets/f151dc9a8eb14b4d9c64795e1cbae7e0.mp3[39m[22m   26.9 KiB        [1m[39m[22m  [1m[32m[emitted] [immutable][39m[22m         
                                                  [1m[32mstatic/assets/f44e9579ce45c384ed76054ee5e98270.mp3[39m[22m   35.4 KiB        [1m[39m[22m  [1m[32m[emitted] [immutable][39m[22m         
                                                  [1m[32mstatic/assets/f6d9f33ec366a89a58b3cf0e125adf97.svg[39m[22m   3.27 KiB        [1m[39m[22m  [1m[32m[emitted] [immutable][39m[22m         
                                                  [1m[32mstatic/assets/f9a0fb45ee35279e05b6f4e637509777.svg[39m[22m   2.47 KiB        [1m[39m[22m  [1m[32m[emitted] [immutable][39m[22m         
                                                  [1m[32mstatic/assets/fcb21f71cf289f827e01b18b7c3fdc85.mp3[39m[22m   4.79 KiB        [1m[39m[22m  [1m[32m[emitted] [immutable][39m[22m         
                                                  [1m[32mstatic/assets/feeb309c99c295b53e52630894591094.svg[39m[22m   23.8 KiB        [1m[39m[22m  [1m[32m[emitted] [immutable][39m[22m         
                                                  [1m[32mstatic/assets/fefb7e2fcd4d311a5a7c3de5a8ae5b64.mp3[39m[22m   2.63 KiB        [1m[39m[22m  [1m[32m[emitted] [immutable][39m[22m         
                                                  [1m[32mstatic/assets/ff69eb6d9e2044232f0187954982fb3c.png[39m[22m   3.57 KiB        [1m[39m[22m  [1m[32m[emitted] [immutable][39m[22m         
                                                               [1m[32mstatic/blocks-media/default/click.mp3[39m[22m   7.94 KiB        [1m[39m[22m  [1m[32m[emitted][39m[22m                     
                                                               [1m[32mstatic/blocks-media/default/click.ogg[39m[22m   5.32 KiB        [1m[39m[22m  [1m[32m[emitted][39m[22m                     
                                                               [1m[32mstatic/blocks-media/default/click.wav[39m[22m   3.12 KiB        [1m[39m[22m  [1m[32m[emitted][39m[22m                     
                                                  [1m[32mstatic/blocks-media/default/comment-arrow-down.svg[39m[22m  885 bytes        [1m[39m[22m  [1m[32m[emitted][39m[22m                     
                                                    [1m[32mstatic/blocks-media/default/comment-arrow-up.svg[39m[22m  977 bytes        [1m[39m[22m  [1m[32m[emitted][39m[22m                     
                                                            [1m[32mstatic/blocks-media/default/delete-x.svg[39m[22m   1.26 KiB        [1m[39m[22m  [1m[32m[emitted][39m[22m                     
                                                              [1m[32mstatic/blocks-media/default/delete.mp3[39m[22m   9.57 KiB        [1m[39m[22m  [1m[32m[emitted][39m[22m                     
                                                              [1m[32mstatic/blocks-media/default/delete.ogg[39m[22m   8.42 KiB        [1m[39m[22m  [1m[32m[emitted][39m[22m                     
                                                              [1m[32mstatic/blocks-media/default/delete.wav[39m[22m   11.7 KiB        [1m[39m[22m  [1m[32m[emitted][39m[22m                     
                                                 [1m[32mstatic/blocks-media/default/dropdown-arrow-dark.svg[39m[22m  573 bytes        [1m[39m[22m  [1m[32m[emitted][39m[22m                     
                                                      [1m[32mstatic/blocks-media/default/dropdown-arrow.svg[39m[22m  569 bytes        [1m[39m[22m  [1m[32m[emitted][39m[22m                     
                                      [1m[32mstatic/blocks-media/default/extensions/microbit-block-icon.svg[39m[22m    4.9 KiB        [1m[39m[22m  [1m[32m[emitted][39m[22m                     
                                         [1m[32mstatic/blocks-media/default/extensions/music-block-icon.svg[39m[22m   4.38 KiB        [1m[39m[22m  [1m[32m[emitted][39m[22m                     
                                           [1m[32mstatic/blocks-media/default/extensions/pen-block-icon.svg[39m[22m   2.47 KiB        [1m[39m[22m  [1m[32m[emitted][39m[22m                     
                                         [1m[32mstatic/blocks-media/default/extensions/wedo2-block-icon.svg[39m[22m   9.57 KiB        [1m[39m[22m  [1m[32m[emitted][39m[22m                     
                                                          [1m[32mstatic/blocks-media/default/eyedropper.svg[39m[22m   3.47 KiB        [1m[39m[22m  [1m[32m[emitted][39m[22m                     
                                                          [1m[32mstatic/blocks-media/default/green-flag.svg[39m[22m   1.16 KiB        [1m[39m[22m  [1m[32m[emitted][39m[22m                     
                                                          [1m[32mstatic/blocks-media/default/handclosed.cur[39m[22m  326 bytes        [1m[39m[22m  [1m[32m[emitted][39m[22m                     
                                                          [1m[32mstatic/blocks-media/default/handdelete.cur[39m[22m  766 bytes        [1m[39m[22m  [1m[32m[emitted][39m[22m                     
                                                            [1m[32mstatic/blocks-media/default/handopen.cur[39m[22m  198 bytes        [1m[39m[22m  [1m[32m[emitted][39m[22m                     
                                                         [1m[32mstatic/blocks-media/default/icons/arrow.svg[39m[22m   1.18 KiB        [1m[39m[22m  [1m[32m[emitted][39m[22m                     
                                                  [1m[32mstatic/blocks-media/default/icons/arrow_button.svg[39m[22m   1.06 KiB        [1m[39m[22m  [1m[32m[emitted][39m[22m                     
                                               [1m[32mstatic/blocks-media/default/icons/control_forever.svg[39m[22m   4.57 KiB        [1m[39m[22m  [1m[32m[emitted][39m[22m                     
                                                [1m[32mstatic/blocks-media/default/icons/control_repeat.svg[39m[22m   1.95 KiB        [1m[39m[22m  [1m[32m[emitted][39m[22m                     
                                                  [1m[32mstatic/blocks-media/default/icons/control_stop.svg[39m[22m  301 bytes        [1m[39m[22m  [1m[32m[emitted][39m[22m                     
                                                  [1m[32mstatic/blocks-media/default/icons/control_wait.svg[39m[22m   1.11 KiB        [1m[39m[22m  [1m[32m[emitted][39m[22m                     
                                          [1m[32mstatic/blocks-media/default/icons/event_broadcast_blue.svg[39m[22m   1.62 KiB        [1m[39m[22m  [1m[32m[emitted][39m[22m                     
                                         [1m[32mstatic/blocks-media/default/icons/event_broadcast_coral.svg[39m[22m   1.62 KiB        [1m[39m[22m  [1m[32m[emitted][39m[22m                     
                                         [1m[32mstatic/blocks-media/default/icons/event_broadcast_green.svg[39m[22m   1.62 KiB        [1m[39m[22m  [1m[32m[emitted][39m[22m                     
                                       [1m[32mstatic/blocks-media/default/icons/event_broadcast_magenta.svg[39m[22m   1.62 KiB        [1m[39m[22m  [1m[32m[emitted][39m[22m                     
                                        [1m[32mstatic/blocks-media/default/icons/event_broadcast_orange.svg[39m[22m   1.62 KiB        [1m[39m[22m  [1m[32m[emitted][39m[22m                     
                                        [1m[32mstatic/blocks-media/default/icons/event_broadcast_purple.svg[39m[22m   1.61 KiB        [1m[39m[22m  [1m[32m[emitted][39m[22m                     
                            [1m[32mstatic/blocks-media/default/icons/event_when-broadcast-received_blue.svg[39m[22m   1.61 KiB        [1m[39m[22m  [1m[32m[emitted][39m[22m                     
                           [1m[32mstatic/blocks-media/default/icons/event_when-broadcast-received_coral.svg[39m[22m   1.62 KiB        [1m[39m[22m  [1m[32m[emitted][39m[22m                     
                           [1m[32mstatic/blocks-media/default/icons/event_when-broadcast-received_green.svg[39m[22m   1.62 KiB        [1m[39m[22m  [1m[32m[emitted][39m[22m                     
                         [1m[32mstatic/blocks-media/default/icons/event_when-broadcast-received_magenta.svg[39m[22m   1.62 KiB        [1m[39m[22m  [1m[32m[emitted][39m[22m                     
                          [1m[32mstatic/blocks-media/default/icons/event_when-broadcast-received_orange.svg[39m[22m   1.62 KiB        [1m[39m[22m  [1m[32m[emitted][39m[22m                     
                          [1m[32mstatic/blocks-media/default/icons/event_when-broadcast-received_purple.svg[39m[22m   1.61 KiB        [1m[39m[22m  [1m[32m[emitted][39m[22m                     
                                         [1m[32mstatic/blocks-media/default/icons/event_whenflagclicked.svg[39m[22m  634 bytes        [1m[39m[22m  [1m[32m[emitted][39m[22m                     
                                                        [1m[32mstatic/blocks-media/default/icons/remove.svg[39m[22m   1.55 KiB        [1m[39m[22m  [1m[32m[emitted][39m[22m                     
                                                  [1m[32mstatic/blocks-media/default/icons/set-led_blue.svg[39m[22m   1.99 KiB        [1m[39m[22m  [1m[32m[emitted][39m[22m                     
                                                 [1m[32mstatic/blocks-media/default/icons/set-led_coral.svg[39m[22m   1.99 KiB        [1m[39m[22m  [1m[32m[emitted][39m[22m                     
                                                 [1m[32mstatic/blocks-media/default/icons/set-led_green.svg[39m[22m   1.99 KiB        [1m[39m[22m  [1m[32m[emitted][39m[22m                     
                                               [1m[32mstatic/blocks-media/default/icons/set-led_magenta.svg[39m[22m   1.99 KiB        [1m[39m[22m  [1m[32m[emitted][39m[22m                     
                                               [1m[32mstatic/blocks-media/default/icons/set-led_mystery.svg[39m[22m   2.89 KiB        [1m[39m[22m  [1m[32m[emitted][39m[22m                     
                                                [1m[32mstatic/blocks-media/default/icons/set-led_orange.svg[39m[22m   1.99 KiB        [1m[39m[22m  [1m[32m[emitted][39m[22m                     
                                                [1m[32mstatic/blocks-media/default/icons/set-led_purple.svg[39m[22m   1.99 KiB        [1m[39m[22m  [1m[32m[emitted][39m[22m                     
                                                 [1m[32mstatic/blocks-media/default/icons/set-led_white.svg[39m[22m   1.99 KiB        [1m[39m[22m  [1m[32m[emitted][39m[22m                     
                                                [1m[32mstatic/blocks-media/default/icons/set-led_yellow.svg[39m[22m   1.99 KiB        [1m[39m[22m  [1m[32m[emitted][39m[22m                     
                                          [1m[32mstatic/blocks-media/default/icons/wedo_motor-clockwise.svg[39m[22m   3.66 KiB        [1m[39m[22m  [1m[32m[emitted][39m[22m                     
                                   [1m[32mstatic/blocks-media/default/icons/wedo_motor-counterclockwise.svg[39m[22m   3.64 KiB        [1m[39m[22m  [1m[32m[emitted][39m[22m                     
                                         [1m[32mstatic/blocks-media/default/icons/wedo_motor-speed_fast.svg[39m[22m   4.23 KiB        [1m[39m[22m  [1m[32m[emitted][39m[22m                     
                                          [1m[32mstatic/blocks-media/default/icons/wedo_motor-speed_med.svg[39m[22m   4.24 KiB        [1m[39m[22m  [1m[32m[emitted][39m[22m                     
                                         [1m[32mstatic/blocks-media/default/icons/wedo_motor-speed_slow.svg[39m[22m   4.26 KiB        [1m[39m[22m  [1m[32m[emitted][39m[22m                     
                                      [1m[32mstatic/blocks-media/default/icons/wedo_when-distance_close.svg[39m[22m   4.64 KiB        [1m[39m[22m  [1m[32m[emitted][39m[22m                     
                                       [1m[32mstatic/blocks-media/default/icons/wedo_when-tilt-backward.svg[39m[22m    4.8 KiB        [1m[39m[22m  [1m[32m[emitted][39m[22m                     
                                        [1m[32mstatic/blocks-media/default/icons/wedo_when-tilt-forward.svg[39m[22m   4.81 KiB        [1m[39m[22m  [1m[32m[emitted][39m[22m                     
                                           [1m[32mstatic/blocks-media/default/icons/wedo_when-tilt-left.svg[39m[22m   3.57 KiB        [1m[39m[22m  [1m[32m[emitted][39m[22m                     
                                          [1m[32mstatic/blocks-media/default/icons/wedo_when-tilt-right.svg[39m[22m   3.57 KiB        [1m[39m[22m  [1m[32m[emitted][39m[22m                     
                                                [1m[32mstatic/blocks-media/default/icons/wedo_when-tilt.svg[39m[22m   4.01 KiB        [1m[39m[22m  [1m[32m[emitted][39m[22m                     
                                                              [1m[32mstatic/blocks-media/default/repeat.svg[39m[22m   1.21 KiB        [1m[39m[22m  [1m[32m[emitted][39m[22m                     
                                                         [1m[32mstatic/blocks-media/default/rotate-left.svg[39m[22m   1.04 KiB        [1m[39m[22m  [1m[32m[emitted][39m[22m                     
                                                        [1m[32mstatic/blocks-media/default/rotate-right.svg[39m[22m   1.03 KiB        [1m[39m[22m  [1m[32m[emitted][39m[22m                     
                                                             [1m[32mstatic/blocks-media/default/sprites.png[39m[22m   4.05 KiB        [1m[39m[22m  [1m[32m[emitted][39m[22m                     
                                                    [1m[32mstatic/blocks-media/default/status-not-ready.svg[39m[22m   1.16 KiB        [1m[39m[22m  [1m[32m[emitted][39m[22m                     
                                                        [1m[32mstatic/blocks-media/default/status-ready.svg[39m[22m   1.09 KiB        [1m[39m[22m  [1m[32m[emitted][39m[22m                     
                                                             [1m[32mstatic/blocks-media/default/zoom-in.svg[39m[22m  634 bytes        [1m[39m[22m  [1m[32m[emitted][39m[22m                     
                                                            [1m[32mstatic/blocks-media/default/zoom-out.svg[39m[22m  582 bytes        [1m[39m[22m  [1m[32m[emitted][39m[22m                     
                                                          [1m[32mstatic/blocks-media/default/zoom-reset.svg[39m[22m  501 bytes        [1m[39m[22m  [1m[32m[emitted][39m[22m                     
                                                         [1m[32mstatic/blocks-media/high-contrast/click.mp3[39m[22m   7.94 KiB        [1m[39m[22m  [1m[32m[emitted][39m[22m                     
                                                         [1m[32mstatic/blocks-media/high-contrast/click.ogg[39m[22m   5.32 KiB        [1m[39m[22m  [1m[32m[emitted][39m[22m                     
                                                         [1m[32mstatic/blocks-media/high-contrast/click.wav[39m[22m   3.12 KiB        [1m[39m[22m  [1m[32m[emitted][39m[22m                     
                                            [1m[32mstatic/blocks-media/high-contrast/comment-arrow-down.svg[39m[22m  885 bytes        [1m[39m[22m  [1m[32m[emitted][39m[22m                     
                                              [1m[32mstatic/blocks-media/high-contrast/comment-arrow-up.svg[39m[22m  977 bytes        [1m[39m[22m  [1m[32m[emitted][39m[22m                     
                                                      [1m[32mstatic/blocks-media/high-contrast/delete-x.svg[39m[22m   1.26 KiB        [1m[39m[22m  [1m[32m[emitted][39m[22m                     
                                                        [1m[32mstatic/blocks-media/high-contrast/delete.mp3[39m[22m   9.57 KiB        [1m[39m[22m  [1m[32m[emitted][39m[22m                     
                                                        [1m[32mstatic/blocks-media/high-contrast/delete.ogg[39m[22m   8.42 KiB        [1m[39m[22m  [1m[32m[emitted][39m[22m                     
                                                        [1m[32mstatic/blocks-media/high-contrast/delete.wav[39m[22m   11.7 KiB        [1m[39m[22m  [1m[32m[emitted][39m[22m                     
                                           [1m[32mstatic/blocks-media/high-contrast/dropdown-arrow-dark.svg[39m[22m  573 bytes        [1m[39m[22m  [1m[32m[emitted][39m[22m                     
                                                [1m[32mstatic/blocks-media/high-contrast/dropdown-arrow.svg[39m[22m  569 bytes        [1m[39m[22m  [1m[32m[emitted][39m[22m                     
                                [1m[32mstatic/blocks-media/high-contrast/extensions/microbit-block-icon.svg[39m[22m    4.9 KiB        [1m[39m[22m  [1m[32m[emitted][39m[22m                     
                                   [1m[32mstatic/blocks-media/high-contrast/extensions/music-block-icon.svg[39m[22m   4.38 KiB        [1m[39m[22m  [1m[32m[emitted][39m[22m                     
                                     [1m[32mstatic/blocks-media/high-contrast/extensions/pen-block-icon.svg[39m[22m   2.47 KiB        [1m[39m[22m  [1m[32m[emitted][39m[22m                     
                                   [1m[32mstatic/blocks-media/high-contrast/extensions/wedo2-block-icon.svg[39m[22m   9.57 KiB        [1m[39m[22m  [1m[32m[emitted][39m[22m                     
                                                    [1m[32mstatic/blocks-media/high-contrast/eyedropper.svg[39m[22m   3.47 KiB        [1m[39m[22m  [1m[32m[emitted][39m[22m                     
                                                    [1m[32mstatic/blocks-media/high-contrast/green-flag.svg[39m[22m   1.16 KiB        [1m[39m[22m  [1m[32m[emitted][39m[22m                     
                                                    [1m[32mstatic/blocks-media/high-contrast/handclosed.cur[39m[22m  326 bytes        [1m[39m[22m  [1m[32m[emitted][39m[22m                     
                                                    [1m[32mstatic/blocks-media/high-contrast/handdelete.cur[39m[22m  766 bytes        [1m[39m[22m  [1m[32m[emitted][39m[22m                     
                                                      [1m[32mstatic/blocks-media/high-contrast/handopen.cur[39m[22m  198 bytes        [1m[39m[22m  [1m[32m[emitted][39m[22m                     
                                                   [1m[32mstatic/blocks-media/high-contrast/icons/arrow.svg[39m[22m   1.18 KiB        [1m[39m[22m  [1m[32m[emitted][39m[22m                     
                                            [1m[32mstatic/blocks-media/high-contrast/icons/arrow_button.svg[39m[22m  470 bytes        [1m[39m[22m  [1m[32m[emitted][39m[22m                     
                                         [1m[32mstatic/blocks-media/high-contrast/icons/control_forever.svg[39m[22m   4.57 KiB        [1m[39m[22m  [1m[32m[emitted][39m[22m                     
                                          [1m[32mstatic/blocks-media/high-contrast/icons/control_repeat.svg[39m[22m   1.95 KiB        [1m[39m[22m  [1m[32m[emitted][39m[22m                     
                                            [1m[32mstatic/blocks-media/high-contrast/icons/control_stop.svg[39m[22m  301 bytes        [1m[39m[22m  [1m[32m[emitted][39m[22m                     
                                            [1m[32mstatic/blocks-media/high-contrast/icons/control_wait.svg[39m[22m   1.11 KiB        [1m[39m[22m  [1m[32m[emitted][39m[22m                     
                                    [1m[32mstatic/blocks-media/high-contrast/icons/event_broadcast_blue.svg[39m[22m   1.62 KiB        [1m[39m[22m  [1m[32m[emitted][39m[22m                     
                                   [1m[32mstatic/blocks-media/high-contrast/icons/event_broadcast_coral.svg[39m[22m   1.62 KiB        [1m[39m[22m  [1m[32m[emitted][39m[22m                     
                                   [1m[32mstatic/blocks-media/high-contrast/icons/event_broadcast_green.svg[39m[22m   1.62 KiB        [1m[39m[22m  [1m[32m[emitted][39m[22m                     
                                 [1m[32mstatic/blocks-media/high-contrast/icons/event_broadcast_magenta.svg[39m[22m   1.62 KiB        [1m[39m[22m  [1m[32m[emitted][39m[22m                     
                                  [1m[32mstatic/blocks-media/high-contrast/icons/event_broadcast_orange.svg[39m[22m   1.62 KiB        [1m[39m[22m  [1m[32m[emitted][39m[22m                     
                                  [1m[32mstatic/blocks-media/high-contrast/icons/event_broadcast_purple.svg[39m[22m   1.61 KiB        [1m[39m[22m  [1m[32m[emitted][39m[22m                     
                      [1m[32mstatic/blocks-media/high-contrast/icons/event_when-broadcast-received_blue.svg[39m[22m   1.61 KiB        [1m[39m[22m  [1m[32m[emitted][39m[22m                     
                     [1m[32mstatic/blocks-media/high-contrast/icons/event_when-broadcast-received_coral.svg[39m[22m   1.62 KiB        [1m[39m[22m  [1m[32m[emitted][39m[22m                     
                     [1m[32mstatic/blocks-media/high-contrast/icons/event_when-broadcast-received_green.svg[39m[22m   1.62 KiB        [1m[39m[22m  [1m[32m[emitted][39m[22m                     
                   [1m[32mstatic/blocks-media/high-contrast/icons/event_when-broadcast-received_magenta.svg[39m[22m   1.62 KiB        [1m[39m[22m  [1m[32m[emitted][39m[22m                     
                    [1m[32mstatic/blocks-media/high-contrast/icons/event_when-broadcast-received_orange.svg[39m[22m   1.62 KiB        [1m[39m[22m  [1m[32m[emitted][39m[22m                     
                    [1m[32mstatic/blocks-media/high-contrast/icons/event_when-broadcast-received_purple.svg[39m[22m   1.61 KiB        [1m[39m[22m  [1m[32m[emitted][39m[22m                     
                                   [1m[32mstatic/blocks-media/high-contrast/icons/event_whenflagclicked.svg[39m[22m  634 bytes        [1m[39m[22m  [1m[32m[emitted][39m[22m                     
                                                  [1m[32mstatic/blocks-media/high-contrast/icons/remove.svg[39m[22m   1.55 KiB        [1m[39m[22m  [1m[32m[emitted][39m[22m                     
                                            [1m[32mstatic/blocks-media/high-contrast/icons/set-led_blue.svg[39m[22m   1.99 KiB        [1m[39m[22m  [1m[32m[emitted][39m[22m                     
                                           [1m[32mstatic/blocks-media/high-contrast/icons/set-led_coral.svg[39m[22m   1.99 KiB        [1m[39m[22m  [1m[32m[emitted][39m[22m                     
                                           [1m[32mstatic/blocks-media/high-contrast/icons/set-led_green.svg[39m[22m   1.99 KiB        [1m[39m[22m  [1m[32m[emitted][39m[22m                     
                                         [1m[32mstatic/blocks-media/high-contrast/icons/set-led_magenta.svg[39m[22m   1.99 KiB        [1m[39m[22m  [1m[32m[emitted][39m[22m                     
                                         [1m[32mstatic/blocks-media/high-contrast/icons/set-led_mystery.svg[39m[22m   2.89 KiB        [1m[39m[22m  [1m[32m[emitted][39m[22m                     
                                          [1m[32mstatic/blocks-media/high-contrast/icons/set-led_orange.svg[39m[22m   1.99 KiB        [1m[39m[22m  [1m[32m[emitted][39m[22m                     
                                          [1m[32mstatic/blocks-media/high-contrast/icons/set-led_purple.svg[39m[22m   1.99 KiB        [1m[39m[22m  [1m[32m[emitted][39m[22m                     
                                           [1m[32mstatic/blocks-media/high-contrast/icons/set-led_white.svg[39m[22m   1.99 KiB        [1m[39m[22m  [1m[32m[emitted][39m[22m                     
                                          [1m[32mstatic/blocks-media/high-contrast/icons/set-led_yellow.svg[39m[22m   1.99 KiB        [1m[39m[22m  [1m[32m[emitted][39m[22m                     
                                    [1m[32mstatic/blocks-media/high-contrast/icons/wedo_motor-clockwise.svg[39m[22m   3.66 KiB        [1m[39m[22m  [1m[32m[emitted][39m[22m                     
                             [1m[32mstatic/blocks-media/high-contrast/icons/wedo_motor-counterclockwise.svg[39m[22m   3.64 KiB        [1m[39m[22m  [1m[32m[emitted][39m[22m                     
                                   [1m[32mstatic/blocks-media/high-contrast/icons/wedo_motor-speed_fast.svg[39m[22m   4.23 KiB        [1m[39m[22m  [1m[32m[emitted][39m[22m                     
                                    [1m[32mstatic/blocks-media/high-contrast/icons/wedo_motor-speed_med.svg[39m[22m   4.24 KiB        [1m[39m[22m  [1m[32m[emitted][39m[22m                     
                                   [1m[32mstatic/blocks-media/high-contrast/icons/wedo_motor-speed_slow.svg[39m[22m   4.26 KiB        [1m[39m[22m  [1m[32m[emitted][39m[22m                     
                                [1m[32mstatic/blocks-media/high-contrast/icons/wedo_when-distance_close.svg[39m[22m   4.64 KiB        [1m[39m[22m  [1m[32m[emitted][39m[22m                     
                                 [1m[32mstatic/blocks-media/high-contrast/icons/wedo_when-tilt-backward.svg[39m[22m    4.8 KiB        [1m[39m[22m  [1m[32m[emitted][39m[22m                     
                                  [1m[32mstatic/blocks-media/high-contrast/icons/wedo_when-tilt-forward.svg[39m[22m   4.81 KiB        [1m[39m[22m  [1m[32m[emitted][39m[22m                     
                                     [1m[32mstatic/blocks-media/high-contrast/icons/wedo_when-tilt-left.svg[39m[22m   3.57 KiB        [1m[39m[22m  [1m[32m[emitted][39m[22m                     
                                    [1m[32mstatic/blocks-media/high-contrast/icons/wedo_when-tilt-right.svg[39m[22m   3.57 KiB        [1m[39m[22m  [1m[32m[emitted][39m[22m                     
                                          [1m[32mstatic/blocks-media/high-contrast/icons/wedo_when-tilt.svg[39m[22m   4.01 KiB        [1m[39m[22m  [1m[32m[emitted][39m[22m                     
                                                        [1m[32mstatic/blocks-media/high-contrast/repeat.svg[39m[22m  825 bytes        [1m[39m[22m  [1m[32m[emitted][39m[22m                     
                                                   [1m[32mstatic/blocks-media/high-contrast/rotate-left.svg[39m[22m  590 bytes        [1m[39m[22m  [1m[32m[emitted][39m[22m                     
                                                  [1m[32mstatic/blocks-media/high-contrast/rotate-right.svg[39m[22m  577 bytes        [1m[39m[22m  [1m[32m[emitted][39m[22m                     
                                                       [1m[32mstatic/blocks-media/high-contrast/sprites.png[39m[22m   4.05 KiB        [1m[39m[22m  [1m[32m[emitted][39m[22m                     
                                              [1m[32mstatic/blocks-media/high-contrast/status-not-ready.svg[39m[22m   1.16 KiB        [1m[39m[22m  [1m[32m[emitted][39m[22m                     
                                                  [1m[32mstatic/blocks-media/high-contrast/status-ready.svg[39m[22m   1.09 KiB        [1m[39m[22m  [1m[32m[emitted][39m[22m                     
                                                       [1m[32mstatic/blocks-media/high-contrast/zoom-in.svg[39m[22m   1.39 KiB        [1m[39m[22m  [1m[32m[emitted][39m[22m                     
                                                      [1m[32mstatic/blocks-media/high-contrast/zoom-out.svg[39m[22m   1.16 KiB        [1m[39m[22m  [1m[32m[emitted][39m[22m                     
                                                    [1m[32mstatic/blocks-media/high-contrast/zoom-reset.svg[39m[22m   1.08 KiB        [1m[39m[22m  [1m[32m[emitted][39m[22m                     
                                                                        [1m[32mstatic/credits/25786611.webp[39m[22m    2.1 KiB        [1m[39m[22m  [1m[32m[emitted][39m[22m                     
                                                                [1m[32mstatic/credits/3546960701163977.webp[39m[22m   3.55 KiB        [1m[39m[22m  [1m[32m[emitted][39m[22m                     
                                                                       [1m[32mstatic/credits/521949499.webp[39m[22m   5.77 KiB        [1m[39m[22m  [1m[32m[emitted][39m[22m                     
                                                              [1m[32mstatic/extensions/example-extension.js[39m[22m   9.76 KiB        [1m[39m[22m  [1m[32m[emitted][39m[22m                     
                                                                                               [1m[32msw.js[39m[22m   4.58 KiB        [1m[39m[22m  [1m[32m[emitted][39m[22m                     
    Entrypoint [1mcommunity[39m[22m [1m[33m[big][39m[22m = [1m[32mjs/gleba/git-libs.901f64badcf62f5b0082.js[39m[22m [1m[32mjs/gleba/vendors~addon-settings~community~editor~embed~fullscreen~player.a416bc4d79a000946f9c.js[39m[22m [1m[32mjs/gleba/vendors~community~editor~embed~fullscreen~player.2ea453e768921ca95a8e.js[39m[22m [1m[32mjs/gleba/addon-settings~community~editor~embed~fullscreen~player.b1ce5ff49212eaa53d32.js[39m[22m [1m[32mjs/gleba/community~editor~embed~fullscreen~player.6fcd4782141fc15b4ff8.js[39m[22m [1m[32mjs/gleba/community.620e20e377ee4a8599cc.js[39m[22m
    Entrypoint [1meditor[39m[22m [1m[33m[big][39m[22m = [1m[32mjs/gleba/git-libs.901f64badcf62f5b0082.js[39m[22m [1m[32mjs/gleba/vendors~addon-settings~community~editor~embed~fullscreen~player.a416bc4d79a000946f9c.js[39m[22m [1m[32mjs/gleba/vendors~community~editor~embed~fullscreen~player.2ea453e768921ca95a8e.js[39m[22m [1m[32mjs/gleba/vendors~editor~embed~fullscreen~player.d89d5a38548ae8c28c6c.js[39m[22m [1m[32mjs/gleba/addon-settings~community~editor~embed~fullscreen~player.b1ce5ff49212eaa53d32.js[39m[22m [1m[32mjs/gleba/community~editor~embed~fullscreen~player.6fcd4782141fc15b4ff8.js[39m[22m [1m[32mjs/gleba/addon-settings~editor~embed~fullscreen~player.e4224751024fcae3e2cb.js[39m[22m [1m[32mjs/gleba/editor~embed~fullscreen~player.4b18e80e2c92b5ef05be.js[39m[22m [1m[32mjs/gleba/editor~fullscreen~player.71dca2439185c1ed962f.js[39m[22m [1m[32mjs/gleba/editor.da74bcffda5123e73b0e.js[39m[22m
    Entrypoint [1mplayer[39m[22m [1m[33m[big][39m[22m = [1m[32mjs/gleba/git-libs.901f64badcf62f5b0082.js[39m[22m [1m[32mjs/gleba/vendors~addon-settings~community~editor~embed~fullscreen~player.a416bc4d79a000946f9c.js[39m[22m [1m[32mjs/gleba/vendors~community~editor~embed~fullscreen~player.2ea453e768921ca95a8e.js[39m[22m [1m[32mjs/gleba/vendors~editor~embed~fullscreen~player.d89d5a38548ae8c28c6c.js[39m[22m [1m[32mjs/gleba/addon-settings~community~editor~embed~fullscreen~player.b1ce5ff49212eaa53d32.js[39m[22m [1m[32mjs/gleba/community~editor~embed~fullscreen~player.6fcd4782141fc15b4ff8.js[39m[22m [1m[32mjs/gleba/addon-settings~editor~embed~fullscreen~player.e4224751024fcae3e2cb.js[39m[22m [1m[32mjs/gleba/editor~embed~fullscreen~player.4b18e80e2c92b5ef05be.js[39m[22m [1m[32mjs/gleba/editor~fullscreen~player.71dca2439185c1ed962f.js[39m[22m [1m[32mjs/gleba/player.1c1615528a7af0454ffd.js[39m[22m
    Entrypoint [1mfullscreen[39m[22m [1m[33m[big][39m[22m = [1m[32mjs/gleba/git-libs.901f64badcf62f5b0082.js[39m[22m [1m[32mjs/gleba/vendors~addon-settings~community~editor~embed~fullscreen~player.a416bc4d79a000946f9c.js[39m[22m [1m[32mjs/gleba/vendors~community~editor~embed~fullscreen~player.2ea453e768921ca95a8e.js[39m[22m [1m[32mjs/gleba/vendors~editor~embed~fullscreen~player.d89d5a38548ae8c28c6c.js[39m[22m [1m[32mjs/gleba/addon-settings~community~editor~embed~fullscreen~player.b1ce5ff49212eaa53d32.js[39m[22m [1m[32mjs/gleba/community~editor~embed~fullscreen~player.6fcd4782141fc15b4ff8.js[39m[22m [1m[32mjs/gleba/addon-settings~editor~embed~fullscreen~player.e4224751024fcae3e2cb.js[39m[22m [1m[32mjs/gleba/editor~embed~fullscreen~player.4b18e80e2c92b5ef05be.js[39m[22m [1m[32mjs/gleba/editor~fullscreen~player.71dca2439185c1ed962f.js[39m[22m [1m[32mjs/gleba/fullscreen.cc229c395af79564e87d.js[39m[22m
    Entrypoint [1membed[39m[22m [1m[33m[big][39m[22m = [1m[32mjs/gleba/git-libs.901f64badcf62f5b0082.js[39m[22m [1m[32mjs/gleba/vendors~addon-settings~community~editor~embed~fullscreen~player.a416bc4d79a000946f9c.js[39m[22m [1m[32mjs/gleba/vendors~community~editor~embed~fullscreen~player.2ea453e768921ca95a8e.js[39m[22m [1m[32mjs/gleba/vendors~editor~embed~fullscreen~player.d89d5a38548ae8c28c6c.js[39m[22m [1m[32mjs/gleba/addon-settings~community~editor~embed~fullscreen~player.b1ce5ff49212eaa53d32.js[39m[22m [1m[32mjs/gleba/community~editor~embed~fullscreen~player.6fcd4782141fc15b4ff8.js[39m[22m [1m[32mjs/gleba/addon-settings~editor~embed~fullscreen~player.e4224751024fcae3e2cb.js[39m[22m [1m[32mjs/gleba/editor~embed~fullscreen~player.4b18e80e2c92b5ef05be.js[39m[22m [1m[32mjs/gleba/embed.1315594bc27bc45b0965.js[39m[22m
    Entrypoint [1maddon-settings[39m[22m [1m[33m[big][39m[22m = [1m[32mjs/gleba/git-libs.901f64badcf62f5b0082.js[39m[22m [1m[32mjs/gleba/vendors~addon-settings~community~editor~embed~fullscreen~player.a416bc4d79a000946f9c.js[39m[22m [1m[32mjs/gleba/addon-settings~community~editor~embed~fullscreen~player.b1ce5ff49212eaa53d32.js[39m[22m [1m[32mjs/gleba/addon-settings~editor~embed~fullscreen~player.e4224751024fcae3e2cb.js[39m[22m [1m[32mjs/gleba/addon-settings.27bda26385639bbe4cb3.js[39m[22m
       [2] [1m./node_modules/react-intl/lib/index.es.js + 1 modules[39m[22m 56.6 KiB {[1m[33m5[39m[22m}[1m[32m [built][39m[22m
           |    2 modules
      [28] [1m./src/lib/tw-use-intl.jsx[39m[22m 1.8 KiB {[1m[33m4[39m[22m}[1m[32m [built][39m[22m
      [44] [1m./src/lib/themes/custom-themes.js[39m[22m 46.9 KiB {[1m[33m0[39m[22m}[1m[32m [built][39m[22m
      [58] [1m./src/lib/themes/themePersistance.js[39m[22m 9.88 KiB {[1m[33m0[39m[22m}[1m[32m [built][39m[22m
      [72] [1m./src/lib/community/publish.js[39m[22m 12.2 KiB {[1m[33m6[39m[22m}[1m[32m [built][39m[22m
      [97] [1m./node_modules/redux/es/index.js + 6 modules[39m[22m 20.6 KiB {[1m[33m5[39m[22m}[1m[32m [built][39m[22m
           |    7 modules
     [129] [1m./src/lib/utils/download-blob.js[39m[22m 1.01 KiB {[1m[33m3[39m[22m}[1m[32m [built][39m[22m
     [142] [1m../_sdeps/scratch-l10n/src/index.js + 2 modules[39m[22m 1.36 KiB {[1m[33m4[39m[22m}[1m[32m [built][39m[22m
           | [1m../_sdeps/scratch-l10n/src/index.js[39m[22m 171 bytes[1m[32m [built][39m[22m
           | [1m../_sdeps/scratch-l10n/src/supported-locales.js[39m[22m 824 bytes[1m[32m [built][39m[22m
           | [1m../_sdeps/scratch-l10n/src/locale-data.js[39m[22m 391 bytes[1m[32m [built][39m[22m
     [169] [1m./src/playground/app-target.js[39m[22m 2.12 KiB {[1m[33m0[39m[22m}[1m[32m [built][39m[22m
     [962] [1m./src/playground/editor.jsx[39m[22m 822 bytes {[1m[33m87[39m[22m}[1m[32m [built][39m[22m
    [1534] [1m./src/playground/player.jsx[39m[22m 845 bytes {[1m[33m95[39m[22m}[1m[32m [built][39m[22m
    [1535] [1m./src/playground/fullscreen.jsx[39m[22m 864 bytes {[1m[33m89[39m[22m}[1m[32m [built][39m[22m
    [1542] [1m./src/playground/community.jsx + 69 modules[39m[22m 468 KiB {[1m[33m86[39m[22m}[1m[32m [built][39m[22m
           | [1m./src/playground/community.jsx[39m[22m 2.97 KiB[1m[32m [built][39m[22m
           | [1m./src/community/App.jsx[39m[22m 6.14 KiB[1m[32m [built][39m[22m
           | [1m./src/community/prefetch-editor.js[39m[22m 2.36 KiB[1m[32m [built][39m[22m
           | [1m./src/community/page-meta.js[39m[22m 1.78 KiB[1m[32m [built][39m[22m
           | [1m./src/community/pages/Home.jsx[39m[22m 18.8 KiB[1m[32m [built][39m[22m
           | [1m./src/community/pages/Explore.jsx[39m[22m 7 KiB[1m[32m [built][39m[22m
           | [1m./src/community/pages/Credits.jsx[39m[22m 6.06 KiB[1m[32m [built][39m[22m
           | [1m./src/community/pages/Project.jsx[39m[22m 64.2 KiB[1m[32m [built][39m[22m
           | [1m./src/community/pages/Profile.jsx[39m[22m 26.6 KiB[1m[32m [built][39m[22m
           | [1m./src/community/pages/Followers.jsx[39m[22m 3.82 KiB[1m[32m [built][39m[22m
           | [1m./src/community/pages/Settings.jsx[39m[22m 15.8 KiB[1m[32m [built][39m[22m
           | [1m./src/community/pages/ManageProject.jsx[39m[22m 18.2 KiB[1m[32m [built][39m[22m
           | [1m./src/community/pages/Wallet.jsx[39m[22m 13.2 KiB[1m[32m [built][39m[22m
           | [1m./src/community/pages/News.jsx[39m[22m 5.6 KiB[1m[32m [built][39m[22m
           | [1m./src/community/pages/Leaderboard.jsx[39m[22m 7.87 KiB[1m[32m [built][39m[22m
           |     + 55 hidden modules
    [1543] [1m./src/playground/embed.jsx + 44 modules[39m[22m 174 KiB {[1m[33m88[39m[22m}[1m[32m [built][39m[22m
           | [1m./src/playground/embed.jsx[39m[22m 3.12 KiB[1m[32m [built][39m[22m
           | [1m./src/playground/embed-storage-shim.js[39m[22m 11 KiB[1m[32m [built][39m[22m
           |     + 43 hidden modules
    [1547] [1m./src/playground/addon-settings.jsx + 3 modules[39m[22m 44.3 KiB {[1m[33m84[39m[22m}[1m[32m [built][39m[22m
           | [1m./src/playground/addon-settings.jsx[39m[22m 1.02 KiB[1m[32m [built][39m[22m
           | [1m./src/addons/settings/settings.jsx[39m[22m 40.7 KiB[1m[32m [built][39m[22m
           | [1m./src/addons/settings/search.js[39m[22m 2.31 KiB[1m[32m [built][39m[22m
           | [1m./src/addons/generated/l10n-settings-entries.js[39m[22m 167 bytes[1m[32m [built][39m[22m
        + 3537 hidden modules
    
    [1m[33mWARNING in asset size limit: The following asset(s) exceed the recommended size limit (244 KiB).
    This can impact web performance.
    Assets: 
      static/assets/945297ca77c041c98377f204e1af772e.svg (1.96 MiB)
      static/assets/8a8912773b36015e48a4ef67ec627323.png (523 KiB)
      js/gleba/git-libs.901f64badcf62f5b0082.js (376 KiB)
      js/gleba/community~editor~embed~fullscreen~player.6fcd4782141fc15b4ff8.js (562 KiB)
      js/gleba/editor~embed~fullscreen~player.4b18e80e2c92b5ef05be.js (3.42 MiB)
      js/gleba/vendors~editor~embed~fullscreen~player.d89d5a38548ae8c28c6c.js (3.28 MiB)
      js/gleba/sb.0cad724de94b86e9e790.js (1.16 MiB)
      js/gleba/xterm.1bafc8b4b09ffc58c9b8.js (358 KiB)
      js/gleba/addon-entry-dev-inspector.3f37ac6529bb78538c09.js (1.11 MiB)
      js/gleba/addon-entry-simple-project-analyzer.12565335be0817f5258c.js (261 KiB)
      js/gleba/community.620e20e377ee4a8599cc.js (469 KiB)
      js/gleba/library-sprites.832f887728e43a3be133.js (284 KiB)
      js/gleba/96.0360fc2f2afd11b5ae1a.js (1.99 MiB)
      js/gleba/98.e3d8331a87b61a13334f.js (252 KiB)[39m[22m
    
    [1m[33mWARNING in entrypoint size limit: The following entrypoint(s) combined asset size exceeds the recommended limit (244 KiB). This can impact web performance.
    Entrypoints:
      community (1.86 MiB)
          js/gleba/git-libs.901f64badcf62f5b0082.js
          js/gleba/vendors~addon-settings~community~editor~embed~fullscreen~player.a416bc4d79a000946f9c.js
          js/gleba/vendors~community~editor~embed~fullscreen~player.2ea453e768921ca95a8e.js
          js/gleba/addon-settings~community~editor~embed~fullscreen~player.b1ce5ff49212eaa53d32.js
          js/gleba/community~editor~embed~fullscreen~player.6fcd4782141fc15b4ff8.js
          js/gleba/community.620e20e377ee4a8599cc.js
      editor (8.22 MiB)
          js/gleba/git-libs.901f64badcf62f5b0082.js
          js/gleba/vendors~addon-settings~community~editor~embed~fullscreen~player.a416bc4d79a000946f9c.js
          js/gleba/vendors~community~editor~embed~fullscreen~player.2ea453e768921ca95a8e.js
          js/gleba/vendors~editor~embed~fullscreen~player.d89d5a38548ae8c28c6c.js
          js/gleba/addon-settings~community~editor~embed~fullscreen~player.b1ce5ff49212eaa53d32.js
          js/gleba/community~editor~embed~fullscreen~player.6fcd4782141fc15b4ff8.js
          js/gleba/addon-settings~editor~embed~fullscreen~player.e4224751024fcae3e2cb.js
          js/gleba/editor~embed~fullscreen~player.4b18e80e2c92b5ef05be.js
          js/gleba/editor~fullscreen~player.71dca2439185c1ed962f.js
          js/gleba/editor.da74bcffda5123e73b0e.js
      player (8.22 MiB)
          js/gleba/git-libs.901f64badcf62f5b0082.js
          js/gleba/vendors~addon-settings~community~editor~embed~fullscreen~player.a416bc4d79a000946f9c.js
          js/gleba/vendors~community~editor~embed~fullscreen~player.2ea453e768921ca95a8e.js
          js/gleba/vendors~editor~embed~fullscreen~player.d89d5a38548ae8c28c6c.js
          js/gleba/addon-settings~community~editor~embed~fullscreen~player.b1ce5ff49212eaa53d32.js
          js/gleba/community~editor~embed~fullscreen~player.6fcd4782141fc15b4ff8.js
          js/gleba/addon-settings~editor~embed~fullscreen~player.e4224751024fcae3e2cb.js
          js/gleba/editor~embed~fullscreen~player.4b18e80e2c92b5ef05be.js
          js/gleba/editor~fullscreen~player.71dca2439185c1ed962f.js
          js/gleba/player.1c1615528a7af0454ffd.js
      fullscreen (8.22 MiB)
          js/gleba/git-libs.901f64badcf62f5b0082.js
          js/gleba/vendors~addon-settings~community~editor~embed~fullscreen~player.a416bc4d79a000946f9c.js
          js/gleba/vendors~community~editor~embed~fullscreen~player.2ea453e768921ca95a8e.js
          js/gleba/vendors~editor~embed~fullscreen~player.d89d5a38548ae8c28c6c.js
          js/gleba/addon-settings~community~editor~embed~fullscreen~player.b1ce5ff49212eaa53d32.js
          js/gleba/community~editor~embed~fullscreen~player.6fcd4782141fc15b4ff8.js
          js/gleba/addon-settings~editor~embed~fullscreen~player.e4224751024fcae3e2cb.js
          js/gleba/editor~embed~fullscreen~player.4b18e80e2c92b5ef05be.js
          js/gleba/editor~fullscreen~player.71dca2439185c1ed962f.js
          js/gleba/fullscreen.cc229c395af79564e87d.js
      embed (8.25 MiB)
          js/gleba/git-libs.901f64badcf62f5b0082.js
          js/gleba/vendors~addon-settings~community~editor~embed~fullscreen~player.a416bc4d79a000946f9c.js
          js/gleba/vendors~community~editor~embed~fullscreen~player.2ea453e768921ca95a8e.js
          js/gleba/vendors~editor~embed~fullscreen~player.d89d5a38548ae8c28c6c.js
          js/gleba/addon-settings~community~editor~embed~fullscreen~player.b1ce5ff49212eaa53d32.js
          js/gleba/community~editor~embed~fullscreen~player.6fcd4782141fc15b4ff8.js
          js/gleba/addon-settings~editor~embed~fullscreen~player.e4224751024fcae3e2cb.js
          js/gleba/editor~embed~fullscreen~player.4b18e80e2c92b5ef05be.js
          js/gleba/embed.1315594bc27bc45b0965.js
      addon-settings (888 KiB)
          js/gleba/git-libs.901f64badcf62f5b0082.js
          js/gleba/vendors~addon-settings~community~editor~embed~fullscreen~player.a416bc4d79a000946f9c.js
          js/gleba/addon-settings~community~editor~embed~fullscreen~player.b1ce5ff49212eaa53d32.js
          js/gleba/addon-settings~editor~embed~fullscreen~player.e4224751024fcae3e2cb.js
          js/gleba/addon-settings.27bda26385639bbe4cb3.js
    [39m[22m
    Child [1mHtmlWebpackCompiler[39m[22m:
         3 assets
        Entrypoint [1mHtmlWebpackPlugin_0[39m[22m = [1m[32m__child-HtmlWebpackPlugin_0[39m[22m
        Entrypoint [1mHtmlWebpackPlugin_1[39m[22m = [1m[32m__child-HtmlWebpackPlugin_1[39m[22m
        Entrypoint [1mHtmlWebpackPlugin_2[39m[22m = [1m[32m__child-HtmlWebpackPlugin_2[39m[22m
        [0] [1m./node_modules/html-webpack-plugin/lib/loader.js!./src/playground/index.ejs[39m[22m 8.64 KiB {[1m[33m0[39m[22m}[1m[32m [built][39m[22m
        [1] [1m./node_modules/html-webpack-plugin/lib/loader.js!./src/playground/simple.ejs[39m[22m 2.87 KiB {[1m[33m1[39m[22m}[1m[32m [built][39m[22m
        [2] [1m./node_modules/html-webpack-plugin/lib/loader.js!./src/playground/embed.ejs[39m[22m 2.56 KiB {[1m[33m2[39m[22m}[1m[32m [built][39m[22m
    Child [1mextension worker[39m[22m:
                                                    [1mAsset[39m[22m      [1mSize[39m[22m  [1mChunks[39m[22m  [1m[39m[22m                       [1m[39m[22m[1mChunk Names[39m[22m
        [1m[32mjs/gleba/extension worker.e43932ab7b669487c7e7.js[39m[22m  39.4 KiB       [1m0[39m[22m  [1m[32m[emitted] [immutable][39m[22m  extension worker
        Entrypoint [1mextension worker[39m[22m = [1m[32mjs/gleba/extension worker.e43932ab7b669487c7e7.js[39m[22m
         [0] [1m../_sdeps/scratch-vm/src/util/log.js[39m[22m 96 bytes {[1m[33m0[39m[22m}[1m[32m [built][39m[22m
         [1] [1m(webpack)/buildin/global.js[39m[22m 472 bytes {[1m[33m0[39m[22m}[1m[32m [built][39m[22m
         [2] [1m../_sdeps/scratch-vm/src/extension-support/tw-extension-worker-context.js[39m[22m 166 bytes {[1m[33m0[39m[22m}[1m[32m [built][39m[22m
         [3] [1m../_sdeps/scratch-vm/src/extension-support/argument-type.js[39m[22m 829 bytes {[1m[33m0[39m[22m}[1m[32m [built][39m[22m
         [4] [1m../_sdeps/scratch-vm/src/extension-support/block-type.js[39m[22m 1.18 KiB {[1m[33m0[39m[22m}[1m[32m [built][39m[22m
         [8] [1m./node_modules/babel-loader/lib??ref--5!../_sdeps/scratch-vm/src/extension-support/tw-iframe-extension-worker-entry.js[39m[22m 587 bytes {[1m[33m0[39m[22m}[1m[32m [built][39m[22m
         [9] [1m../_sdeps/scratch-vm/src/extension-support/tw-jquery-shim.js[39m[22m 2.99 KiB {[1m[33m0[39m[22m}[1m[32m [built][39m[22m
        [11] [1m../_sdeps/scratch-vm/src/extension-support/extension-worker.js[39m[22m 5.08 KiB {[1m[33m0[39m[22m}[1m[32m [built][39m[22m
        [12] [1m../_sdeps/scratch-vm/src/extension-support/tw-extension-api-common.js[39m[22m 388 bytes {[1m[33m0[39m[22m}[1m[32m [built][39m[22m
        [13] [1m../_sdeps/scratch-vm/src/extension-support/tw-block-shape.js[39m[22m 590 bytes {[1m[33m0[39m[22m}[1m[32m [built][39m[22m
        [15] [1m../_sdeps/scratch-vm/src/extension-support/target-type.js[39m[22m 309 bytes {[1m[33m0[39m[22m}[1m[32m [built][39m[22m
        [16] [1m../_sdeps/scratch-vm/src/util/cast.js[39m[22m 7.19 KiB {[1m[33m0[39m[22m}[1m[32m [built][39m[22m
        [19] [1m../_sdeps/scratch-vm/src/extension-support/tw-scratchx-compatibility-layer.js[39m[22m 6.02 KiB {[1m[33m0[39m[22m}[1m[32m [built][39m[22m
        [21] [1m../_sdeps/scratch-vm/src/dispatch/worker-dispatch.js[39m[22m 4.03 KiB {[1m[33m0[39m[22m}[1m[32m [built][39m[22m
        [23] [1m../_sdeps/scratch-vm/src/extension-support/tw-l10n.js[39m[22m 1.32 KiB {[1m[33m0[39m[22m}[1m[32m [built][39m[22m
            + 12 hidden modules
    Child [1mworker[39m[22m:
                                                               [1mAsset[39m[22m      [1mSize[39m[22m  [1mChunks[39m[22m  [1m[39m[22m                       [1m[39m[22m[1mChunk Names[39m[22m
        [1m[32mjs/extension-worker/extension-worker.2900dedcd4e98cfc86cf.js[39m[22m  38.2 KiB       [1m0[39m[22m  [1m[32m[emitted] [immutable][39m[22m  main
        Entrypoint [1mmain[39m[22m = [1m[32mjs/extension-worker/extension-worker.2900dedcd4e98cfc86cf.js[39m[22m
         [0] [1m../_sdeps/scratch-vm/src/util/log.js[39m[22m 96 bytes {[1m[33m0[39m[22m}[1m[32m [built][39m[22m
         [1] [1m../_sdeps/scratch-vm/src/extension-support/argument-type.js[39m[22m 829 bytes {[1m[33m0[39m[22m}[1m[32m [built][39m[22m
         [2] [1m../_sdeps/scratch-vm/src/extension-support/block-type.js[39m[22m 1.18 KiB {[1m[33m0[39m[22m}[1m[32m [built][39m[22m
         [3] [1m../_sdeps/scratch-vm/src/extension-support/tw-extension-worker-context.js[39m[22m 166 bytes {[1m[33m0[39m[22m}[1m[32m [built][39m[22m
         [7] [1m./node_modules/babel-loader/lib??ref--5!../_sdeps/scratch-vm/src/extension-support/extension-worker.js[39m[22m 5.08 KiB {[1m[33m0[39m[22m}[1m[32m [built][39m[22m
         [8] [1m(webpack)/buildin/global.js[39m[22m 472 bytes {[1m[33m0[39m[22m}[1m[32m [built][39m[22m
         [9] [1m../_sdeps/scratch-vm/src/extension-support/tw-extension-api-common.js[39m[22m 388 bytes {[1m[33m0[39m[22m}[1m[32m [built][39m[22m
        [10] [1m../_sdeps/scratch-vm/src/extension-support/tw-block-shape.js[39m[22m 590 bytes {[1m[33m0[39m[22m}[1m[32m [built][39m[22m
        [12] [1m../_sdeps/scratch-vm/src/extension-support/target-type.js[39m[22m 309 bytes {[1m[33m0[39m[22m}[1m[32m [built][39m[22m
        [13] [1m../_sdeps/scratch-vm/src/util/cast.js[39m[22m 7.19 KiB {[1m[33m0[39m[22m}[1m[32m [built][39m[22m
        [15] [1m../_sdeps/scratch-vm/src/extension-support/tw-external.js[39m[22m 2.21 KiB {[1m[33m0[39m[22m}[1m[32m [built][39m[22m
        [16] [1m../_sdeps/scratch-vm/src/extension-support/tw-scratchx-compatibility-layer.js[39m[22m 6.02 KiB {[1m[33m0[39m[22m}[1m[32m [built][39m[22m
        [17] [1m../_sdeps/scratch-vm/src/extension-support/tw-scratchx-utilities.js[39m[22m 584 bytes {[1m[33m0[39m[22m}[1m[32m [built][39m[22m
        [18] [1m../_sdeps/scratch-vm/src/dispatch/worker-dispatch.js[39m[22m 4.03 KiB {[1m[33m0[39m[22m}[1m[32m [built][39m[22m
        [21] [1m../_sdeps/scratch-vm/src/extension-support/tw-l10n.js[39m[22m 1.32 KiB {[1m[33m0[39m[22m}[1m[32m [built][39m[22m
            + 10 hidden modules
    Child [1mworker[39m[22m:
                                 [1mAsset[39m[22m     [1mSize[39m[22m  [1mChunks[39m[22m  [1m[39m[22m                       [1m[39m[22m[1mChunk Names[39m[22m
        [1m[32m45dd4e535dd171c17ea7.worker.js[39m[22m  215 KiB       [1m0[39m[22m  [1m[32m[emitted] [immutable][39m[22m  main
        Entrypoint [1mmain[39m[22m = [1m[32m45dd4e535dd171c17ea7.worker.js[39m[22m
        [4] [1m(webpack)/buildin/global.js[39m[22m 472 bytes {[1m[33m0[39m[22m}[1m[32m [built][39m[22m
        [5] [1m./node_modules/babel-loader/lib??ref--5!./node_modules/monaco-editor/esm/vs/editor/editor.worker.js + 42 modules[39m[22m 550 KiB {[1m[33m0[39m[22m}[1m[32m [built][39m[22m
            |    43 modules
            + 4 hidden modules
Child
    Hash: [1m53a309c813ffae1228c2[39m[22m
    Time: [1m255964[39m[22mms
    Built at: 2026/09/05 [1m17:18:32[39m[22m
                                                                                [1mAsset[39m[22m       [1mSize[39m[22m  [1mChunks[39m[22m  [1m[39m[22m                       [1m[39m[22m       [1mChunk Names[39m[22m
                                                       [1m[32m45dd4e535dd171c17ea7.worker.js[39m[22m    215 KiB        [1m[39m[22m  [1m[32m[emitted] [immutable][39m[22m         
                         [1m[32mjs/extension-worker/extension-worker.2900dedcd4e98cfc86cf.js[39m[22m   38.2 KiB        [1m[39m[22m  [1m[32m[emitted] [immutable][39m[22m         
                                                   [1m[32mjs/gleba/0.e2fed9d5485c9cdc2de4.js[39m[22m   28.3 KiB       [1m0[39m[22m  [1m[32m[emitted] [immutable][39m[22m         
                                                   [1m[33mjs/gleba/1.219c390c36b3b93736d2.js[39m[22m    [1m[33m359 KiB[39m[22m       [1m1[39m[22m  [1m[32m[emitted] [immutable][39m[22m  [1m[33m[big][39m[22m  
                                                  [1m[33mjs/gleba/10.d656a5700e00391a5a8b.js[39m[22m    [1m[33m252 KiB[39m[22m      [1m10[39m[22m  [1m[32m[emitted] [immutable][39m[22m  [1m[33m[big][39m[22m  
                                                  [1m[32mjs/gleba/11.61d629ea08f9a2124ca7.js[39m[22m    190 KiB      [1m11[39m[22m  [1m[32m[emitted] [immutable][39m[22m         
                                                  [1m[32mjs/gleba/12.0c1c164c1653838630cb.js[39m[22m   91.9 KiB      [1m12[39m[22m  [1m[32m[emitted] [immutable][39m[22m         
                                                  [1m[32mjs/gleba/13.279749ba75aaf4e3747a.js[39m[22m   53.1 KiB      [1m13[39m[22m  [1m[32m[emitted] [immutable][39m[22m         
                                                  [1m[32mjs/gleba/14.0570ce6b301372ffb368.js[39m[22m   29.2 KiB      [1m14[39m[22m  [1m[32m[emitted] [immutable][39m[22m         
                                                  [1m[32mjs/gleba/15.73d874bb910e69cd7223.js[39m[22m   13.6 KiB      [1m15[39m[22m  [1m[32m[emitted] [immutable][39m[22m         
                                                  [1m[32mjs/gleba/16.83961e456a74fb952bfd.js[39m[22m   5.85 KiB      [1m16[39m[22m  [1m[32m[emitted] [immutable][39m[22m         
                                                  [1m[32mjs/gleba/17.f33ac53ab00657fb08f6.js[39m[22m   11.2 KiB      [1m17[39m[22m  [1m[32m[emitted] [immutable][39m[22m         
                                                  [1m[32mjs/gleba/18.3b6a6a8260da79165e32.js[39m[22m   26.3 KiB      [1m18[39m[22m  [1m[32m[emitted] [immutable][39m[22m         
                                                  [1m[32mjs/gleba/19.d8ed0fe95042dc3b4324.js[39m[22m   8.96 KiB      [1m19[39m[22m  [1m[32m[emitted] [immutable][39m[22m         
                                                  [1m[32mjs/gleba/20.28ce8d74fdce0809b53f.js[39m[22m   8.38 KiB      [1m20[39m[22m  [1m[32m[emitted] [immutable][39m[22m         
                                                  [1m[32mjs/gleba/21.d796034a79d90e195ff2.js[39m[22m   4.22 KiB      [1m21[39m[22m  [1m[32m[emitted] [immutable][39m[22m         
                                                  [1m[32mjs/gleba/22.08a4275ab287aaf64193.js[39m[22m  673 bytes      [1m22[39m[22m  [1m[32m[emitted] [immutable][39m[22m         
                                                   [1m[33mjs/gleba/9.39a52d04e105d1636a87.js[39m[22m   [1m[33m1.93 MiB[39m[22m       [1m9[39m[22m  [1m[32m[emitted] [immutable][39m[22m  [1m[33m[big][39m[22m  
                                    [1m[32mjs/gleba/extension worker.e43932ab7b669487c7e7.js[39m[22m   39.4 KiB        [1m[39m[22m  [1m[32m[emitted] [immutable][39m[22m         
                             [1m[32mjs/gleba/iframe-extension-worker.2a89bacdd55b45b3cc1c.js[39m[22m   42.2 KiB       [1m2[39m[22m  [1m[32m[emitted] [immutable][39m[22m         iframe-extension-worker
                                   [1m[32mjs/gleba/library-backdrops.88f1d535eea1c87f3b9a.js[39m[22m   19.7 KiB       [1m3[39m[22m  [1m[32m[emitted] [immutable][39m[22m         library-backdrops
                                    [1m[32mjs/gleba/library-costumes.84fbd2835ee34d53564a.js[39m[22m    204 KiB       [1m4[39m[22m  [1m[32m[emitted] [immutable][39m[22m         library-costumes
                                      [1m[32mjs/gleba/library-sounds.7fc8354c7b3a82a91eb3.js[39m[22m   68.6 KiB       [1m5[39m[22m  [1m[32m[emitted] [immutable][39m[22m         library-sounds
                                     [1m[33mjs/gleba/library-sprites.3e884f25749d104ac523.js[39m[22m    [1m[33m284 KiB[39m[22m       [1m6[39m[22m  [1m[32m[emitted] [immutable][39m[22m  [1m[33m[big][39m[22m  library-sprites
                                                  [1m[33mjs/gleba/sb.f30fe95c8ff38560d594.js[39m[22m   [1m[33m1.16 MiB[39m[22m       [1m7[39m[22m  [1m[32m[emitted] [immutable][39m[22m  [1m[33m[big][39m[22m  sb
                                         [1m[33mjs/gleba/scratch-gui.f722a80136aa8b73ed12.js[39m[22m   [1m[33m7.94 MiB[39m[22m       [1m8[39m[22m  [1m[32m[emitted] [immutable][39m[22m  [1m[33m[big][39m[22m  scratch-gui
                                                             [1m[32mlibraries/backdrops.json[39m[22m     31 KiB        [1m[39m[22m  [1m[32m[emitted][39m[22m                     
                                                              [1m[33mlibraries/costumes.json[39m[22m    [1m[33m324 KiB[39m[22m        [1m[39m[22m  [1m[32m[emitted][39m[22m              [1m[33m[big][39m[22m  
                                                                [1m[32mlibraries/sounds.json[39m[22m    110 KiB        [1m[39m[22m  [1m[32m[emitted][39m[22m                     
                                                               [1m[33mlibraries/sprites.json[39m[22m    [1m[33m526 KiB[39m[22m        [1m[39m[22m  [1m[32m[emitted][39m[22m              [1m[33m[big][39m[22m  
                                   [1m[32mstatic/assets/00aa0c4320b93631ab3c223604ead431.svg[39m[22m   2.98 KiB        [1m[39m[22m  [1m[32m[emitted] [immutable][39m[22m         
                                   [1m[32mstatic/assets/048d12d9e01a42ab48fb6ce57100f6f8.mp3[39m[22m   45.3 KiB        [1m[39m[22m  [1m[32m[emitted] [immutable][39m[22m         
                                   [1m[32mstatic/assets/06fd0604a4bf62a2b706edc23e49a086.mp3[39m[22m   73.8 KiB        [1m[39m[22m  [1m[32m[emitted] [immutable][39m[22m         
                                   [1m[32mstatic/assets/080a4d02304b62c8610a24629aebc1e9.png[39m[22m   4.86 KiB        [1m[39m[22m  [1m[32m[emitted] [immutable][39m[22m         
                                   [1m[32mstatic/assets/0fcaae1619b39b62879abf31bbe3bd34.svg[39m[22m   2.41 KiB        [1m[39m[22m  [1m[32m[emitted] [immutable][39m[22m         
                                   [1m[32mstatic/assets/165746cd277a144ddefd62ac5d67b696.svg[39m[22m   2.66 KiB        [1m[39m[22m  [1m[32m[emitted] [immutable][39m[22m         
                                   [1m[32mstatic/assets/1900166faa9222d0d10c568a12c848a5.png[39m[22m   4.36 KiB        [1m[39m[22m  [1m[32m[emitted] [immutable][39m[22m         
                                   [1m[32mstatic/assets/19161c89a6ca04006606ca3f4f91fdec.mp3[39m[22m   21.7 KiB        [1m[39m[22m  [1m[32m[emitted] [immutable][39m[22m         
                                   [1m[32mstatic/assets/1ac03a53ecc806b652579f9f8da7c58a.mp3[39m[22m   26.5 KiB        [1m[39m[22m  [1m[32m[emitted] [immutable][39m[22m         
                                   [1m[32mstatic/assets/1bff35b71e6f52017b123be4f9904d54.mp3[39m[22m   52.4 KiB        [1m[39m[22m  [1m[32m[emitted] [immutable][39m[22m         
                                   [1m[32mstatic/assets/1c8b575f37b1a519fc3cdc5183bb85c0.mp3[39m[22m   27.8 KiB        [1m[39m[22m  [1m[32m[emitted] [immutable][39m[22m         
                                   [1m[32mstatic/assets/1c9099a7cf1c142492de1603b20b0d44.mp3[39m[22m    2.9 KiB        [1m[39m[22m  [1m[32m[emitted] [immutable][39m[22m         
                                  [1m[32mstatic/assets/1fef352a4021940e309a0cc0794be0f8.woff[39m[22m   26.9 KiB        [1m[39m[22m  [1m[32m[emitted] [immutable][39m[22m         
                                 [1m[32mstatic/assets/208e2134a0e95cbdd211a82d2863d88d.woff2[39m[22m   73.6 KiB        [1m[39m[22m  [1m[32m[emitted] [immutable][39m[22m         
                                   [1m[32mstatic/assets/223d68e7b8769bac1f33291514ce5bac.svg[39m[22m    2.6 KiB        [1m[39m[22m  [1m[32m[emitted] [immutable][39m[22m         
                                   [1m[32mstatic/assets/2291f2138819385c9a5750130f254f90.mp3[39m[22m   4.33 KiB        [1m[39m[22m  [1m[32m[emitted] [immutable][39m[22m         
                                   [1m[32mstatic/assets/2352f743e6b883d53e0b09b84ddea79b.mp3[39m[22m     23 KiB        [1m[39m[22m  [1m[32m[emitted] [immutable][39m[22m         
                                   [1m[32mstatic/assets/23d5956ad3641d4663a17353c71477b0.mp3[39m[22m   24.9 KiB        [1m[39m[22m  [1m[32m[emitted] [immutable][39m[22m         
                                   [1m[32mstatic/assets/2501d1b87cf04e00cc3a623fa8b5d95c.svg[39m[22m   2.14 KiB        [1m[39m[22m  [1m[32m[emitted] [immutable][39m[22m         
                                   [1m[32mstatic/assets/25c294b62fe9e614db125a4f65cc6044.mp3[39m[22m   27.4 KiB        [1m[39m[22m  [1m[32m[emitted] [immutable][39m[22m         
                                   [1m[32mstatic/assets/2613dd347943b2ed7c6edb22e0cf7e0a.mp3[39m[22m   33.1 KiB        [1m[39m[22m  [1m[32m[emitted] [immutable][39m[22m         
                                   [1m[32mstatic/assets/26a4aecd5158e8663b90d5edfba5e25a.mp3[39m[22m   5.15 KiB        [1m[39m[22m  [1m[32m[emitted] [immutable][39m[22m         
                                   [1m[32mstatic/assets/296357261fb7d74c06765aadb0ff1026.svg[39m[22m   13.1 KiB        [1m[39m[22m  [1m[32m[emitted] [immutable][39m[22m         
                                   [1m[32mstatic/assets/2bae7059d4f81f344b02cc34567e548d.mp3[39m[22m   24.1 KiB        [1m[39m[22m  [1m[32m[emitted] [immutable][39m[22m         
                                 [1m[32mstatic/assets/2e6994cc7c70b524c649f60346bdcb3a.woff2[39m[22m   19.6 KiB        [1m[39m[22m  [1m[32m[emitted] [immutable][39m[22m         
                                   [1m[32mstatic/assets/2ec048ddd7a7e30b94f8d24c22892112.mp3[39m[22m   35.9 KiB        [1m[39m[22m  [1m[32m[emitted] [immutable][39m[22m         
                                   [1m[32mstatic/assets/306ffbcffad0d931fb1d158dd812f3fe.svg[39m[22m    7.1 KiB        [1m[39m[22m  [1m[32m[emitted] [immutable][39m[22m         
                                   [1m[32mstatic/assets/311ef566eba52b1729fd02d8944b4378.mp3[39m[22m   3.33 KiB        [1m[39m[22m  [1m[32m[emitted] [immutable][39m[22m         
                                   [1m[32mstatic/assets/3299cad6fda8c0a3d957a5ea75060677.mp3[39m[22m   29.2 KiB        [1m[39m[22m  [1m[32m[emitted] [immutable][39m[22m         
                                   [1m[32mstatic/assets/32d903cafc72328bd30afce14bfa4c79.svg[39m[22m   2.01 KiB        [1m[39m[22m  [1m[32m[emitted] [immutable][39m[22m         
                                   [1m[32mstatic/assets/32e0021542e34f09a747322d11868f23.mp3[39m[22m   28.2 KiB        [1m[39m[22m  [1m[32m[emitted] [immutable][39m[22m         
                                   [1m[32mstatic/assets/344dc88f4d5187f0d86f2f13c9ef1727.mp3[39m[22m   4.99 KiB        [1m[39m[22m  [1m[32m[emitted] [immutable][39m[22m         
                                   [1m[32mstatic/assets/352dc6cd98d372680a5297f6ffc50ec4.mp3[39m[22m   3.72 KiB        [1m[39m[22m  [1m[32m[emitted] [immutable][39m[22m         
                                   [1m[32mstatic/assets/367d7189e8dac8a0ca2828830a91db83.mp3[39m[22m   16.7 KiB        [1m[39m[22m  [1m[32m[emitted] [immutable][39m[22m         
                                   [1m[32mstatic/assets/37954fe300d44f8765b6d48b2836fcf5.png[39m[22m   20.6 KiB        [1m[39m[22m  [1m[32m[emitted] [immutable][39m[22m         
                                   [1m[32mstatic/assets/3c06b74c80d1e6b1d210ca86c87cd326.svg[39m[22m   3.38 KiB        [1m[39m[22m  [1m[32m[emitted] [immutable][39m[22m         
                                   [1m[32mstatic/assets/3d55b957c09e11fe0d75f4f2a84bdf53.mp3[39m[22m   27.4 KiB        [1m[39m[22m  [1m[32m[emitted] [immutable][39m[22m         
                                   [1m[32mstatic/assets/3fb3bccce5aeedb93a2b09cf02cd79c6.png[39m[22m   5.03 KiB        [1m[39m[22m  [1m[32m[emitted] [immutable][39m[22m         
                                   [1m[32mstatic/assets/40167d33efb7d0929a3bcbc591fc78b0.svg[39m[22m   4.07 KiB        [1m[39m[22m  [1m[32m[emitted] [immutable][39m[22m         
                                   [1m[32mstatic/assets/41ebcde49032d543af1a2c843a725834.mp3[39m[22m     30 KiB        [1m[39m[22m  [1m[32m[emitted] [immutable][39m[22m         
                                   [1m[32mstatic/assets/4734f3fe917e80ae53b9f1f4e3d62147.mp3[39m[22m   24.1 KiB        [1m[39m[22m  [1m[32m[emitted] [immutable][39m[22m         
                                   [1m[32mstatic/assets/484c379b1da007ecb5f66780a119fa2e.mp3[39m[22m   2.52 KiB        [1m[39m[22m  [1m[32m[emitted] [immutable][39m[22m         
                                   [1m[32mstatic/assets/48df3abff5e8eb9a597f355daaf5348c.png[39m[22m   41.6 KiB        [1m[39m[22m  [1m[32m[emitted] [immutable][39m[22m         
                                   [1m[32mstatic/assets/527756fb4ee6a19086a69e0ea8355b5c.mp3[39m[22m   27.8 KiB        [1m[39m[22m  [1m[32m[emitted] [immutable][39m[22m         
                                   [1m[32mstatic/assets/52ac58d8ef4e53d6449e592b68359d46.mp3[39m[22m   78.5 KiB        [1m[39m[22m  [1m[32m[emitted] [immutable][39m[22m         
                                   [1m[32mstatic/assets/52d442dc8e71307ec251603d1edd35f0.mp3[39m[22m   30.7 KiB        [1m[39m[22m  [1m[32m[emitted] [immutable][39m[22m         
                                   [1m[32mstatic/assets/5610fba29744cce750f1da6c6091ecac.mp3[39m[22m   28.3 KiB        [1m[39m[22m  [1m[32m[emitted] [immutable][39m[22m         
                                   [1m[32mstatic/assets/566d73a090e3d42d5bdfee3d92c79d25.svg[39m[22m   2.57 KiB        [1m[39m[22m  [1m[32m[emitted] [immutable][39m[22m         
                                   [1m[32mstatic/assets/574cfe3919f6ae6aeac35dad3867fca5.png[39m[22m   4.45 KiB        [1m[39m[22m  [1m[32m[emitted] [immutable][39m[22m         
                                   [1m[32mstatic/assets/579529cc3c40887f6ecc771c4b39809d.mp3[39m[22m   55.9 KiB        [1m[39m[22m  [1m[32m[emitted] [immutable][39m[22m         
                                 [1m[32mstatic/assets/5796214a21c5c1727ed7b08096ee7cff.woff2[39m[22m   97.2 KiB        [1m[39m[22m  [1m[32m[emitted] [immutable][39m[22m         
                                   [1m[32mstatic/assets/5806b83b25c8d6b4a46d2b8e2cb4fafc.png[39m[22m   5.15 KiB        [1m[39m[22m  [1m[32m[emitted] [immutable][39m[22m         
                                   [1m[32mstatic/assets/589eaf6a247df5343b584fd0fa848489.svg[39m[22m   2.54 KiB        [1m[39m[22m  [1m[32m[emitted] [immutable][39m[22m         
                                   [1m[32mstatic/assets/5b5e7dd645a0e3891de6e5d937cca6a6.svg[39m[22m    4.3 KiB        [1m[39m[22m  [1m[32m[emitted] [immutable][39m[22m         
                                   [1m[32mstatic/assets/64e4a905e7c3ab32ef03272631c3df75.png[39m[22m   38.3 KiB        [1m[39m[22m  [1m[32m[emitted] [immutable][39m[22m         
                                   [1m[32mstatic/assets/64e66a9dcf4b42a699f49e5973a4a62e.svg[39m[22m   3.38 KiB        [1m[39m[22m  [1m[32m[emitted] [immutable][39m[22m         
                                   [1m[32mstatic/assets/65715c37a18debd4b44a80c478a3abd7.svg[39m[22m   5.47 KiB        [1m[39m[22m  [1m[32m[emitted] [immutable][39m[22m         
                                   [1m[32mstatic/assets/674db5c2e49df884273ac0f7d221865c.svg[39m[22m   2.58 KiB        [1m[39m[22m  [1m[32m[emitted] [immutable][39m[22m         
                                 [1m[32mstatic/assets/6cd3397308e11e6d925446470b906f2a.woff2[39m[22m   17.1 KiB        [1m[39m[22m  [1m[32m[emitted] [immutable][39m[22m         
                                   [1m[32mstatic/assets/6d912e9240790715a077d422cdbc19a5.mp3[39m[22m   26.3 KiB        [1m[39m[22m  [1m[32m[emitted] [immutable][39m[22m         
                                   [1m[32mstatic/assets/6e51f9cfc9bfca2f4fb88d1fe1ec2615.png[39m[22m   25.8 KiB        [1m[39m[22m  [1m[32m[emitted] [immutable][39m[22m         
                                   [1m[32mstatic/assets/7231a404390e5fe96856a5ec5182745c.mp3[39m[22m   9.62 KiB        [1m[39m[22m  [1m[32m[emitted] [immutable][39m[22m         
                                 [1m[32mstatic/assets/75f5f189fdc419824a8134db6eb63881.woff2[39m[22m   30.3 KiB        [1m[39m[22m  [1m[32m[emitted] [immutable][39m[22m         
                                   [1m[32mstatic/assets/76024aad6524bdf0e8d438f4d024e581.png[39m[22m   29.4 KiB        [1m[39m[22m  [1m[32m[emitted] [immutable][39m[22m         
                                   [1m[32mstatic/assets/78e3f697df85275aa8d384ca6fc0e288.svg[39m[22m   2.66 KiB        [1m[39m[22m  [1m[32m[emitted] [immutable][39m[22m         
                                   [1m[32mstatic/assets/79a644579518611a7b397f85a32cfb85.svg[39m[22m   2.21 KiB        [1m[39m[22m  [1m[32m[emitted] [immutable][39m[22m         
                                   [1m[32mstatic/assets/7ad5cc6ed3d0a5fd6a273078fe3999f0.svg[39m[22m   3.15 KiB        [1m[39m[22m  [1m[32m[emitted] [immutable][39m[22m         
                                   [1m[32mstatic/assets/7bd83c9ad44bff4a20f0c19726adf8be.svg[39m[22m   23.6 KiB        [1m[39m[22m  [1m[32m[emitted] [immutable][39m[22m         
                                   [1m[32mstatic/assets/7c410b6c3cd2a9ee41505c5c6951bbf6.png[39m[22m   3.74 KiB        [1m[39m[22m  [1m[32m[emitted] [immutable][39m[22m         
                                   [1m[32mstatic/assets/7c8c1a1c5df4031368b02524100c25ad.png[39m[22m   4.46 KiB        [1m[39m[22m  [1m[32m[emitted] [immutable][39m[22m         
                                   [1m[32mstatic/assets/7cf82cd9bd601cfee5e715c0eb5343ef.mp3[39m[22m   22.6 KiB        [1m[39m[22m  [1m[32m[emitted] [immutable][39m[22m         
                                   [1m[32mstatic/assets/7d043362c1c4cabd22aeb93b43fc5fc6.svg[39m[22m     44 KiB        [1m[39m[22m  [1m[32m[emitted] [immutable][39m[22m         
                                   [1m[32mstatic/assets/7d2d28d80d4ae06acb4fdbde429448e6.svg[39m[22m   3.27 KiB        [1m[39m[22m  [1m[32m[emitted] [immutable][39m[22m         
                                   [1m[32mstatic/assets/7efe82fffae735cd083388badd51b3fa.svg[39m[22m   2.58 KiB        [1m[39m[22m  [1m[32m[emitted] [immutable][39m[22m         
                                   [1m[32mstatic/assets/82072226e8cf716289165650c31eeda2.svg[39m[22m   10.9 KiB        [1m[39m[22m  [1m[32m[emitted] [immutable][39m[22m         
                                   [1m[32mstatic/assets/831a9fd5f488f356a5031c289e4c35fe.svg[39m[22m   18.5 KiB        [1m[39m[22m  [1m[32m[emitted] [immutable][39m[22m         
                                   [1m[32mstatic/assets/8505df165b778979791da5caaee96fea.png[39m[22m   19.1 KiB        [1m[39m[22m  [1m[32m[emitted] [immutable][39m[22m         
                                   [1m[32mstatic/assets/8589d7e6689f31ec2c251be25ac95c1b.mp3[39m[22m   33.6 KiB        [1m[39m[22m  [1m[32m[emitted] [immutable][39m[22m         
                                   [1m[32mstatic/assets/85f62e9e77bed58778782e6cce58c1f4.svg[39m[22m   2.68 KiB        [1m[39m[22m  [1m[32m[emitted] [immutable][39m[22m         
                                   [1m[32mstatic/assets/86f568a0ecc0badac2c4952b39fff148.svg[39m[22m   13.4 KiB        [1m[39m[22m  [1m[32m[emitted] [immutable][39m[22m         
                                   [1m[32mstatic/assets/8969372a821bd2a0170ed9a68a3e238d.png[39m[22m   9.56 KiB        [1m[39m[22m  [1m[32m[emitted] [immutable][39m[22m         
                                   [1m[33mstatic/assets/8a8912773b36015e48a4ef67ec627323.png[39m[22m    [1m[33m523 KiB[39m[22m        [1m[39m[22m  [1m[32m[emitted] [immutable][39m[22m  [1m[33m[big][39m[22m  
                                   [1m[32mstatic/assets/912e19a8fe314f46ab3df3fed9578a29.mp3[39m[22m   58.9 KiB        [1m[39m[22m  [1m[32m[emitted] [immutable][39m[22m         
                                   [1m[32mstatic/assets/93babda8f98fc8009c28e97f1f118b6f.png[39m[22m   9.58 KiB        [1m[39m[22m  [1m[32m[emitted] [immutable][39m[22m         
                                   [1m[33mstatic/assets/945297ca77c041c98377f204e1af772e.svg[39m[22m   [1m[33m1.96 MiB[39m[22m        [1m[39m[22m  [1m[32m[emitted] [immutable][39m[22m  [1m[33m[big][39m[22m  
                                   [1m[32mstatic/assets/96d18383c71ad5ceff1152859b46c508.mp3[39m[22m   44.6 KiB        [1m[39m[22m  [1m[32m[emitted] [immutable][39m[22m         
                                   [1m[32mstatic/assets/98bfc66ce081a3750f3b59ab67d0ac75.svg[39m[22m   9.36 KiB        [1m[39m[22m  [1m[32m[emitted] [immutable][39m[22m         
                                   [1m[32mstatic/assets/9c0ac6e5681567da6d6f6004ba107658.svg[39m[22m   9.49 KiB        [1m[39m[22m  [1m[32m[emitted] [immutable][39m[22m         
                                   [1m[32mstatic/assets/9c604018c786598c0f198af5e798cd16.png[39m[22m   38.4 KiB        [1m[39m[22m  [1m[32m[emitted] [immutable][39m[22m         
                                   [1m[32mstatic/assets/9d5be1463602fd5ac397d01e8a436eb2.png[39m[22m   26.3 KiB        [1m[39m[22m  [1m[32m[emitted] [immutable][39m[22m         
                                   [1m[32mstatic/assets/9d76e4ccf26072c4bddaa81a765ab08a.mp3[39m[22m   29.8 KiB        [1m[39m[22m  [1m[32m[emitted] [immutable][39m[22m         
                                   [1m[32mstatic/assets/9dd762d2341b19212ccca2e097f760b2.png[39m[22m     24 KiB        [1m[39m[22m  [1m[32m[emitted] [immutable][39m[22m         
                                   [1m[32mstatic/assets/a11919e102077f40302da55fb9150440.svg[39m[22m   2.09 KiB        [1m[39m[22m  [1m[32m[emitted] [immutable][39m[22m         
                                   [1m[32mstatic/assets/a16ff5830a119789f5bc5d29a42ace64.mp3[39m[22m   19.3 KiB        [1m[39m[22m  [1m[32m[emitted] [immutable][39m[22m         
                                   [1m[32mstatic/assets/a386a58fa9c00de141c32b5b11e5327e.mp3[39m[22m   5.11 KiB        [1m[39m[22m  [1m[32m[emitted] [immutable][39m[22m         
                                   [1m[32mstatic/assets/a42b5a072afdc2d1aa55accfb1168fb3.mp3[39m[22m   10.2 KiB        [1m[39m[22m  [1m[32m[emitted] [immutable][39m[22m         
                                   [1m[32mstatic/assets/a72a652fdc84dc6983d3cc9596c36a26.svg[39m[22m   2.96 KiB        [1m[39m[22m  [1m[32m[emitted] [immutable][39m[22m         
                                   [1m[32mstatic/assets/a9eccab64d64a3114344d56af142741e.mp3[39m[22m   27.9 KiB        [1m[39m[22m  [1m[32m[emitted] [immutable][39m[22m         
                                   [1m[32mstatic/assets/adc0b35e696de431abb9dd3ea90a5deb.svg[39m[22m   3.22 KiB        [1m[39m[22m  [1m[32m[emitted] [immutable][39m[22m         
                                   [1m[32mstatic/assets/af0caec5f8ac3a35c9769e1e07918e14.mp3[39m[22m   57.4 KiB        [1m[39m[22m  [1m[32m[emitted] [immutable][39m[22m         
                                   [1m[32mstatic/assets/af8e46c9477a8cadeb6c26b4686407a5.svg[39m[22m   2.46 KiB        [1m[39m[22m  [1m[32m[emitted] [immutable][39m[22m         
                                   [1m[32mstatic/assets/b1f026ce265c0f666e2063ef94b06109.svg[39m[22m   3.29 KiB        [1m[39m[22m  [1m[32m[emitted] [immutable][39m[22m         
                                   [1m[32mstatic/assets/b2b4ad5307e24c6627f2077478017981.mp3[39m[22m   26.2 KiB        [1m[39m[22m  [1m[32m[emitted] [immutable][39m[22m         
                                   [1m[32mstatic/assets/b5f8889e91e6d51fc294dfd1125c1240.mp3[39m[22m     33 KiB        [1m[39m[22m  [1m[32m[emitted] [immutable][39m[22m         
                                   [1m[32mstatic/assets/b631383707e87a454b479dedaa8ca014.svg[39m[22m   3.51 KiB        [1m[39m[22m  [1m[32m[emitted] [immutable][39m[22m         
                                   [1m[32mstatic/assets/b74faacb619dad0b5f3871a04a6bcd0e.mp3[39m[22m   5.86 KiB        [1m[39m[22m  [1m[32m[emitted] [immutable][39m[22m         
                                   [1m[32mstatic/assets/b797181c93b3755f4fa1258a4cca14d4.ttf[39m[22m   70.8 KiB        [1m[39m[22m  [1m[32m[emitted] [immutable][39m[22m         
                                   [1m[32mstatic/assets/bc0fbf502b38884f440135ddae40016d.svg[39m[22m   2.46 KiB        [1m[39m[22m  [1m[32m[emitted] [immutable][39m[22m         
                                   [1m[32mstatic/assets/bd1e18eb36346861c5c57be8ed2ba5e3.mp3[39m[22m   14.7 KiB        [1m[39m[22m  [1m[32m[emitted] [immutable][39m[22m         
                                   [1m[32mstatic/assets/bf550f4c2ff75abf5d2d76e87470af92.svg[39m[22m   2.18 KiB        [1m[39m[22m  [1m[32m[emitted] [immutable][39m[22m         
                                   [1m[32mstatic/assets/bf99fbafe9a01e45da63a6874cd8f4b2.mp3[39m[22m   32.6 KiB        [1m[39m[22m  [1m[32m[emitted] [immutable][39m[22m         
                                   [1m[32mstatic/assets/c14c0c1e852949eff4e6c069772b0015.svg[39m[22m      2 KiB        [1m[39m[22m  [1m[32m[emitted] [immutable][39m[22m         
                                   [1m[32mstatic/assets/c20d558f1fc823a96de910456827d90c.mp3[39m[22m   23.3 KiB        [1m[39m[22m  [1m[32m[emitted] [immutable][39m[22m         
                                   [1m[32mstatic/assets/c216c70ef78cc80a1538a3accc6612af.svg[39m[22m   3.93 KiB        [1m[39m[22m  [1m[32m[emitted] [immutable][39m[22m         
                                   [1m[32mstatic/assets/c3a88fa1746d8e5169db188302979317.svg[39m[22m   13.4 KiB        [1m[39m[22m  [1m[32m[emitted] [immutable][39m[22m         
                                   [1m[32mstatic/assets/c40ccf288c211a9441bb714db775d334.mp3[39m[22m    2.5 KiB        [1m[39m[22m  [1m[32m[emitted] [immutable][39m[22m         
                                   [1m[32mstatic/assets/c5b3d36982acf8f9acc53c3964100460.mp3[39m[22m     25 KiB        [1m[39m[22m  [1m[32m[emitted] [immutable][39m[22m         
                                   [1m[32mstatic/assets/c6ab79fc9e76cb500fc83b6f1c6437d0.png[39m[22m   14.5 KiB        [1m[39m[22m  [1m[32m[emitted] [immutable][39m[22m         
                                   [1m[32mstatic/assets/c73619fea5bb43c53a080399a35273be.png[39m[22m   17.7 KiB        [1m[39m[22m  [1m[32m[emitted] [immutable][39m[22m         
                                 [1m[32mstatic/assets/cb3ac3b4a8540f50937a86af7eb4663c.woff2[39m[22m    166 KiB        [1m[39m[22m  [1m[32m[emitted] [immutable][39m[22m         
                                   [1m[32mstatic/assets/cd200d8b59d5c3d4ff3a69a774f5fac3.svg[39m[22m   3.23 KiB        [1m[39m[22m  [1m[32m[emitted] [immutable][39m[22m         
                                   [1m[32mstatic/assets/cf07199bb768b01e6ac2a5c68fd8c3bb.svg[39m[22m   5.82 KiB        [1m[39m[22m  [1m[32m[emitted] [immutable][39m[22m         
                                 [1m[32mstatic/assets/d04352f240062b100fba0eff7f328200.woff2[39m[22m   20.7 KiB        [1m[39m[22m  [1m[32m[emitted] [immutable][39m[22m         
                                   [1m[32mstatic/assets/d1f14e4e1372d8f9c0908d2f45aa5b54.svg[39m[22m   55.4 KiB        [1m[39m[22m  [1m[32m[emitted] [immutable][39m[22m         
                                   [1m[32mstatic/assets/d1f6af6170e0178514f35fedc62e5eab.svg[39m[22m   2.14 KiB        [1m[39m[22m  [1m[32m[emitted] [immutable][39m[22m         
                                   [1m[32mstatic/assets/d4708e8517c8e85b5c1948c845e662ba.mp3[39m[22m   24.1 KiB        [1m[39m[22m  [1m[32m[emitted] [immutable][39m[22m         
                                   [1m[32mstatic/assets/da4e7849bbd8c2b5cd7ef3169ff80c29.png[39m[22m    4.7 KiB        [1m[39m[22m  [1m[32m[emitted] [immutable][39m[22m         
                                   [1m[32mstatic/assets/db18366b02c46fdf9033c9a4a13f911b.png[39m[22m   16.9 KiB        [1m[39m[22m  [1m[32m[emitted] [immutable][39m[22m         
                                   [1m[32mstatic/assets/dd8f636a1df01f3d3768998081387ea4.mp3[39m[22m   3.18 KiB        [1m[39m[22m  [1m[32m[emitted] [immutable][39m[22m         
                                   [1m[32mstatic/assets/df66578b128b26f9b1797ab0eb03c615.svg[39m[22m   3.05 KiB        [1m[39m[22m  [1m[32m[emitted] [immutable][39m[22m         
                                   [1m[32mstatic/assets/e3a21b920ed4b4c2d9830ec68132c011.svg[39m[22m   8.12 KiB        [1m[39m[22m  [1m[32m[emitted] [immutable][39m[22m         
                                   [1m[32mstatic/assets/e3af35844a01f8f64d2bea326db21a35.mp3[39m[22m   31.6 KiB        [1m[39m[22m  [1m[32m[emitted] [immutable][39m[22m         
                                   [1m[32mstatic/assets/e4dfc45f34b4606356c4c70ba14a96f0.svg[39m[22m   3.35 KiB        [1m[39m[22m  [1m[32m[emitted] [immutable][39m[22m         
                                   [1m[32mstatic/assets/e6e16daaf665399c8826497dfb888260.svg[39m[22m   15.2 KiB        [1m[39m[22m  [1m[32m[emitted] [immutable][39m[22m         
                                   [1m[32mstatic/assets/e75c65e1679e0cc2800caa5c47823daa.mp3[39m[22m   3.59 KiB        [1m[39m[22m  [1m[32m[emitted] [immutable][39m[22m         
                                   [1m[32mstatic/assets/e8301440cd42f18407596ea13d14e40c.png[39m[22m   4.64 KiB        [1m[39m[22m  [1m[32m[emitted] [immutable][39m[22m         
                                   [1m[32mstatic/assets/e91530fe8f85b7fdc983b48ab3b9885d.svg[39m[22m   2.33 KiB        [1m[39m[22m  [1m[32m[emitted] [immutable][39m[22m         
                                   [1m[32mstatic/assets/ebaa5f9c052a754bee23bbd8770371d2.png[39m[22m   4.36 KiB        [1m[39m[22m  [1m[32m[emitted] [immutable][39m[22m         
                                   [1m[32mstatic/assets/ecea3eba4a9e187eb6cc7cc6a6b4bb4d.mp3[39m[22m   24.1 KiB        [1m[39m[22m  [1m[32m[emitted] [immutable][39m[22m         
                                   [1m[32mstatic/assets/ed3fe9e11706e76990709ac2e567ada6.svg[39m[22m    2.1 KiB        [1m[39m[22m  [1m[32m[emitted] [immutable][39m[22m         
                                   [1m[32mstatic/assets/ef4a998a82a8567de018baa4607bc6a0.svg[39m[22m   7.94 KiB        [1m[39m[22m  [1m[32m[emitted] [immutable][39m[22m         
                                 [1m[32mstatic/assets/f108ac9d733ce5d45cdea3b7828e8658.woff2[39m[22m   3.68 KiB        [1m[39m[22m  [1m[32m[emitted] [immutable][39m[22m         
                                   [1m[32mstatic/assets/f151dc9a8eb14b4d9c64795e1cbae7e0.mp3[39m[22m   26.9 KiB        [1m[39m[22m  [1m[32m[emitted] [immutable][39m[22m         
                                   [1m[32mstatic/assets/f44e9579ce45c384ed76054ee5e98270.mp3[39m[22m   35.4 KiB        [1m[39m[22m  [1m[32m[emitted] [immutable][39m[22m         
                                   [1m[32mstatic/assets/f6d9f33ec366a89a58b3cf0e125adf97.svg[39m[22m   3.27 KiB        [1m[39m[22m  [1m[32m[emitted] [immutable][39m[22m         
                                   [1m[32mstatic/assets/f9a0fb45ee35279e05b6f4e637509777.svg[39m[22m   2.47 KiB        [1m[39m[22m  [1m[32m[emitted] [immutable][39m[22m         
                                   [1m[32mstatic/assets/fcb21f71cf289f827e01b18b7c3fdc85.mp3[39m[22m   4.79 KiB        [1m[39m[22m  [1m[32m[emitted] [immutable][39m[22m         
                                   [1m[32mstatic/assets/feeb309c99c295b53e52630894591094.svg[39m[22m   23.8 KiB        [1m[39m[22m  [1m[32m[emitted] [immutable][39m[22m         
                                   [1m[32mstatic/assets/fefb7e2fcd4d311a5a7c3de5a8ae5b64.mp3[39m[22m   2.63 KiB        [1m[39m[22m  [1m[32m[emitted] [immutable][39m[22m         
                                   [1m[32mstatic/assets/ff69eb6d9e2044232f0187954982fb3c.png[39m[22m   3.57 KiB        [1m[39m[22m  [1m[32m[emitted] [immutable][39m[22m         
                                                [1m[32mstatic/blocks-media/default/click.mp3[39m[22m   7.94 KiB        [1m[39m[22m  [1m[32m[emitted][39m[22m                     
                                                [1m[32mstatic/blocks-media/default/click.ogg[39m[22m   5.32 KiB        [1m[39m[22m  [1m[32m[emitted][39m[22m                     
                                                [1m[32mstatic/blocks-media/default/click.wav[39m[22m   3.12 KiB        [1m[39m[22m  [1m[32m[emitted][39m[22m                     
                                   [1m[32mstatic/blocks-media/default/comment-arrow-down.svg[39m[22m  885 bytes        [1m[39m[22m  [1m[32m[emitted][39m[22m                     
                                     [1m[32mstatic/blocks-media/default/comment-arrow-up.svg[39m[22m  977 bytes        [1m[39m[22m  [1m[32m[emitted][39m[22m                     
                                             [1m[32mstatic/blocks-media/default/delete-x.svg[39m[22m   1.26 KiB        [1m[39m[22m  [1m[32m[emitted][39m[22m                     
                                               [1m[32mstatic/blocks-media/default/delete.mp3[39m[22m   9.57 KiB        [1m[39m[22m  [1m[32m[emitted][39m[22m                     
                                               [1m[32mstatic/blocks-media/default/delete.ogg[39m[22m   8.42 KiB        [1m[39m[22m  [1m[32m[emitted][39m[22m                     
                                               [1m[32mstatic/blocks-media/default/delete.wav[39m[22m   11.7 KiB        [1m[39m[22m  [1m[32m[emitted][39m[22m                     
                                  [1m[32mstatic/blocks-media/default/dropdown-arrow-dark.svg[39m[22m  573 bytes        [1m[39m[22m  [1m[32m[emitted][39m[22m                     
                                       [1m[32mstatic/blocks-media/default/dropdown-arrow.svg[39m[22m  569 bytes        [1m[39m[22m  [1m[32m[emitted][39m[22m                     
                       [1m[32mstatic/blocks-media/default/extensions/microbit-block-icon.svg[39m[22m    4.9 KiB        [1m[39m[22m  [1m[32m[emitted][39m[22m                     
                          [1m[32mstatic/blocks-media/default/extensions/music-block-icon.svg[39m[22m   4.38 KiB        [1m[39m[22m  [1m[32m[emitted][39m[22m                     
                            [1m[32mstatic/blocks-media/default/extensions/pen-block-icon.svg[39m[22m   2.47 KiB        [1m[39m[22m  [1m[32m[emitted][39m[22m                     
                          [1m[32mstatic/blocks-media/default/extensions/wedo2-block-icon.svg[39m[22m   9.57 KiB        [1m[39m[22m  [1m[32m[emitted][39m[22m                     
                                           [1m[32mstatic/blocks-media/default/eyedropper.svg[39m[22m   3.47 KiB        [1m[39m[22m  [1m[32m[emitted][39m[22m                     
                                           [1m[32mstatic/blocks-media/default/green-flag.svg[39m[22m   1.16 KiB        [1m[39m[22m  [1m[32m[emitted][39m[22m                     
                                           [1m[32mstatic/blocks-media/default/handclosed.cur[39m[22m  326 bytes        [1m[39m[22m  [1m[32m[emitted][39m[22m                     
                                           [1m[32mstatic/blocks-media/default/handdelete.cur[39m[22m  766 bytes        [1m[39m[22m  [1m[32m[emitted][39m[22m                     
                                             [1m[32mstatic/blocks-media/default/handopen.cur[39m[22m  198 bytes        [1m[39m[22m  [1m[32m[emitted][39m[22m                     
                                          [1m[32mstatic/blocks-media/default/icons/arrow.svg[39m[22m   1.18 KiB        [1m[39m[22m  [1m[32m[emitted][39m[22m                     
                                   [1m[32mstatic/blocks-media/default/icons/arrow_button.svg[39m[22m   1.06 KiB        [1m[39m[22m  [1m[32m[emitted][39m[22m                     
                                [1m[32mstatic/blocks-media/default/icons/control_forever.svg[39m[22m   4.57 KiB        [1m[39m[22m  [1m[32m[emitted][39m[22m                     
                                 [1m[32mstatic/blocks-media/default/icons/control_repeat.svg[39m[22m   1.95 KiB        [1m[39m[22m  [1m[32m[emitted][39m[22m                     
                                   [1m[32mstatic/blocks-media/default/icons/control_stop.svg[39m[22m  301 bytes        [1m[39m[22m  [1m[32m[emitted][39m[22m                     
                                   [1m[32mstatic/blocks-media/default/icons/control_wait.svg[39m[22m   1.11 KiB        [1m[39m[22m  [1m[32m[emitted][39m[22m                     
                           [1m[32mstatic/blocks-media/default/icons/event_broadcast_blue.svg[39m[22m   1.62 KiB        [1m[39m[22m  [1m[32m[emitted][39m[22m                     
                          [1m[32mstatic/blocks-media/default/icons/event_broadcast_coral.svg[39m[22m   1.62 KiB        [1m[39m[22m  [1m[32m[emitted][39m[22m                     
                          [1m[32mstatic/blocks-media/default/icons/event_broadcast_green.svg[39m[22m   1.62 KiB        [1m[39m[22m  [1m[32m[emitted][39m[22m                     
                        [1m[32mstatic/blocks-media/default/icons/event_broadcast_magenta.svg[39m[22m   1.62 KiB        [1m[39m[22m  [1m[32m[emitted][39m[22m                     
                         [1m[32mstatic/blocks-media/default/icons/event_broadcast_orange.svg[39m[22m   1.62 KiB        [1m[39m[22m  [1m[32m[emitted][39m[22m                     
                         [1m[32mstatic/blocks-media/default/icons/event_broadcast_purple.svg[39m[22m   1.61 KiB        [1m[39m[22m  [1m[32m[emitted][39m[22m                     
             [1m[32mstatic/blocks-media/default/icons/event_when-broadcast-received_blue.svg[39m[22m   1.61 KiB        [1m[39m[22m  [1m[32m[emitted][39m[22m                     
            [1m[32mstatic/blocks-media/default/icons/event_when-broadcast-received_coral.svg[39m[22m   1.62 KiB        [1m[39m[22m  [1m[32m[emitted][39m[22m                     
            [1m[32mstatic/blocks-media/default/icons/event_when-broadcast-received_green.svg[39m[22m   1.62 KiB        [1m[39m[22m  [1m[32m[emitted][39m[22m                     
          [1m[32mstatic/blocks-media/default/icons/event_when-broadcast-received_magenta.svg[39m[22m   1.62 KiB        [1m[39m[22m  [1m[32m[emitted][39m[22m                     
           [1m[32mstatic/blocks-media/default/icons/event_when-broadcast-received_orange.svg[39m[22m   1.62 KiB        [1m[39m[22m  [1m[32m[emitted][39m[22m                     
           [1m[32mstatic/blocks-media/default/icons/event_when-broadcast-received_purple.svg[39m[22m   1.61 KiB        [1m[39m[22m  [1m[32m[emitted][39m[22m                     
                          [1m[32mstatic/blocks-media/default/icons/event_whenflagclicked.svg[39m[22m  634 bytes        [1m[39m[22m  [1m[32m[emitted][39m[22m                     
                                         [1m[32mstatic/blocks-media/default/icons/remove.svg[39m[22m   1.55 KiB        [1m[39m[22m  [1m[32m[emitted][39m[22m                     
                                   [1m[32mstatic/blocks-media/default/icons/set-led_blue.svg[39m[22m   1.99 KiB        [1m[39m[22m  [1m[32m[emitted][39m[22m                     
                                  [1m[32mstatic/blocks-media/default/icons/set-led_coral.svg[39m[22m   1.99 KiB        [1m[39m[22m  [1m[32m[emitted][39m[22m                     
                                  [1m[32mstatic/blocks-media/default/icons/set-led_green.svg[39m[22m   1.99 KiB        [1m[39m[22m  [1m[32m[emitted][39m[22m                     
                                [1m[32mstatic/blocks-media/default/icons/set-led_magenta.svg[39m[22m   1.99 KiB        [1m[39m[22m  [1m[32m[emitted][39m[22m                     
                                [1m[32mstatic/blocks-media/default/icons/set-led_mystery.svg[39m[22m   2.89 KiB        [1m[39m[22m  [1m[32m[emitted][39m[22m                     
                                 [1m[32mstatic/blocks-media/default/icons/set-led_orange.svg[39m[22m   1.99 KiB        [1m[39m[22m  [1m[32m[emitted][39m[22m                     
                                 [1m[32mstatic/blocks-media/default/icons/set-led_purple.svg[39m[22m   1.99 KiB        [1m[39m[22m  [1m[32m[emitted][39m[22m                     
                                  [1m[32mstatic/blocks-media/default/icons/set-led_white.svg[39m[22m   1.99 KiB        [1m[39m[22m  [1m[32m[emitted][39m[22m                     
                                 [1m[32mstatic/blocks-media/default/icons/set-led_yellow.svg[39m[22m   1.99 KiB        [1m[39m[22m  [1m[32m[emitted][39m[22m                     
                           [1m[32mstatic/blocks-media/default/icons/wedo_motor-clockwise.svg[39m[22m   3.66 KiB        [1m[39m[22m  [1m[32m[emitted][39m[22m                     
                    [1m[32mstatic/blocks-media/default/icons/wedo_motor-counterclockwise.svg[39m[22m   3.64 KiB        [1m[39m[22m  [1m[32m[emitted][39m[22m                     
                          [1m[32mstatic/blocks-media/default/icons/wedo_motor-speed_fast.svg[39m[22m   4.23 KiB        [1m[39m[22m  [1m[32m[emitted][39m[22m                     
                           [1m[32mstatic/blocks-media/default/icons/wedo_motor-speed_med.svg[39m[22m   4.24 KiB        [1m[39m[22m  [1m[32m[emitted][39m[22m                     
                          [1m[32mstatic/blocks-media/default/icons/wedo_motor-speed_slow.svg[39m[22m   4.26 KiB        [1m[39m[22m  [1m[32m[emitted][39m[22m                     
                       [1m[32mstatic/blocks-media/default/icons/wedo_when-distance_close.svg[39m[22m   4.64 KiB        [1m[39m[22m  [1m[32m[emitted][39m[22m                     
                        [1m[32mstatic/blocks-media/default/icons/wedo_when-tilt-backward.svg[39m[22m    4.8 KiB        [1m[39m[22m  [1m[32m[emitted][39m[22m                     
                         [1m[32mstatic/blocks-media/default/icons/wedo_when-tilt-forward.svg[39m[22m   4.81 KiB        [1m[39m[22m  [1m[32m[emitted][39m[22m                     
                            [1m[32mstatic/blocks-media/default/icons/wedo_when-tilt-left.svg[39m[22m   3.57 KiB        [1m[39m[22m  [1m[32m[emitted][39m[22m                     
                           [1m[32mstatic/blocks-media/default/icons/wedo_when-tilt-right.svg[39m[22m   3.57 KiB        [1m[39m[22m  [1m[32m[emitted][39m[22m                     
                                 [1m[32mstatic/blocks-media/default/icons/wedo_when-tilt.svg[39m[22m   4.01 KiB        [1m[39m[22m  [1m[32m[emitted][39m[22m                     
                                               [1m[32mstatic/blocks-media/default/repeat.svg[39m[22m   1.21 KiB        [1m[39m[22m  [1m[32m[emitted][39m[22m                     
                                          [1m[32mstatic/blocks-media/default/rotate-left.svg[39m[22m   1.04 KiB        [1m[39m[22m  [1m[32m[emitted][39m[22m                     
                                         [1m[32mstatic/blocks-media/default/rotate-right.svg[39m[22m   1.03 KiB        [1m[39m[22m  [1m[32m[emitted][39m[22m                     
                                              [1m[32mstatic/blocks-media/default/sprites.png[39m[22m   4.05 KiB        [1m[39m[22m  [1m[32m[emitted][39m[22m                     
                                     [1m[32mstatic/blocks-media/default/status-not-ready.svg[39m[22m   1.16 KiB        [1m[39m[22m  [1m[32m[emitted][39m[22m                     
                                         [1m[32mstatic/blocks-media/default/status-ready.svg[39m[22m   1.09 KiB        [1m[39m[22m  [1m[32m[emitted][39m[22m                     
                                              [1m[32mstatic/blocks-media/default/zoom-in.svg[39m[22m  634 bytes        [1m[39m[22m  [1m[32m[emitted][39m[22m                     
                                             [1m[32mstatic/blocks-media/default/zoom-out.svg[39m[22m  582 bytes        [1m[39m[22m  [1m[32m[emitted][39m[22m                     
                                           [1m[32mstatic/blocks-media/default/zoom-reset.svg[39m[22m  501 bytes        [1m[39m[22m  [1m[32m[emitted][39m[22m                     
                                          [1m[32mstatic/blocks-media/high-contrast/click.mp3[39m[22m   7.94 KiB        [1m[39m[22m  [1m[32m[emitted][39m[22m                     
                                          [1m[32mstatic/blocks-media/high-contrast/click.ogg[39m[22m   5.32 KiB        [1m[39m[22m  [1m[32m[emitted][39m[22m                     
                                          [1m[32mstatic/blocks-media/high-contrast/click.wav[39m[22m   3.12 KiB        [1m[39m[22m  [1m[32m[emitted][39m[22m                     
                             [1m[32mstatic/blocks-media/high-contrast/comment-arrow-down.svg[39m[22m  885 bytes        [1m[39m[22m  [1m[32m[emitted][39m[22m                     
                               [1m[32mstatic/blocks-media/high-contrast/comment-arrow-up.svg[39m[22m  977 bytes        [1m[39m[22m  [1m[32m[emitted][39m[22m                     
                                       [1m[32mstatic/blocks-media/high-contrast/delete-x.svg[39m[22m   1.26 KiB        [1m[39m[22m  [1m[32m[emitted][39m[22m                     
                                         [1m[32mstatic/blocks-media/high-contrast/delete.mp3[39m[22m   9.57 KiB        [1m[39m[22m  [1m[32m[emitted][39m[22m                     
                                         [1m[32mstatic/blocks-media/high-contrast/delete.ogg[39m[22m   8.42 KiB        [1m[39m[22m  [1m[32m[emitted][39m[22m                     
                                         [1m[32mstatic/blocks-media/high-contrast/delete.wav[39m[22m   11.7 KiB        [1m[39m[22m  [1m[32m[emitted][39m[22m                     
                            [1m[32mstatic/blocks-media/high-contrast/dropdown-arrow-dark.svg[39m[22m  573 bytes        [1m[39m[22m  [1m[32m[emitted][39m[22m                     
                                 [1m[32mstatic/blocks-media/high-contrast/dropdown-arrow.svg[39m[22m  569 bytes        [1m[39m[22m  [1m[32m[emitted][39m[22m                     
                 [1m[32mstatic/blocks-media/high-contrast/extensions/microbit-block-icon.svg[39m[22m    4.9 KiB        [1m[39m[22m  [1m[32m[emitted][39m[22m                     
                    [1m[32mstatic/blocks-media/high-contrast/extensions/music-block-icon.svg[39m[22m   4.38 KiB        [1m[39m[22m  [1m[32m[emitted][39m[22m                     
                      [1m[32mstatic/blocks-media/high-contrast/extensions/pen-block-icon.svg[39m[22m   2.47 KiB        [1m[39m[22m  [1m[32m[emitted][39m[22m                     
                    [1m[32mstatic/blocks-media/high-contrast/extensions/wedo2-block-icon.svg[39m[22m   9.57 KiB        [1m[39m[22m  [1m[32m[emitted][39m[22m                     
                                     [1m[32mstatic/blocks-media/high-contrast/eyedropper.svg[39m[22m   3.47 KiB        [1m[39m[22m  [1m[32m[emitted][39m[22m                     
                                     [1m[32mstatic/blocks-media/high-contrast/green-flag.svg[39m[22m   1.16 KiB        [1m[39m[22m  [1m[32m[emitted][39m[22m                     
                                     [1m[32mstatic/blocks-media/high-contrast/handclosed.cur[39m[22m  326 bytes        [1m[39m[22m  [1m[32m[emitted][39m[22m                     
                                     [1m[32mstatic/blocks-media/high-contrast/handdelete.cur[39m[22m  766 bytes        [1m[39m[22m  [1m[32m[emitted][39m[22m                     
                                       [1m[32mstatic/blocks-media/high-contrast/handopen.cur[39m[22m  198 bytes        [1m[39m[22m  [1m[32m[emitted][39m[22m                     
                                    [1m[32mstatic/blocks-media/high-contrast/icons/arrow.svg[39m[22m   1.18 KiB        [1m[39m[22m  [1m[32m[emitted][39m[22m                     
                             [1m[32mstatic/blocks-media/high-contrast/icons/arrow_button.svg[39m[22m  470 bytes        [1m[39m[22m  [1m[32m[emitted][39m[22m                     
                          [1m[32mstatic/blocks-media/high-contrast/icons/control_forever.svg[39m[22m   4.57 KiB        [1m[39m[22m  [1m[32m[emitted][39m[22m                     
                           [1m[32mstatic/blocks-media/high-contrast/icons/control_repeat.svg[39m[22m   1.95 KiB        [1m[39m[22m  [1m[32m[emitted][39m[22m                     
                             [1m[32mstatic/blocks-media/high-contrast/icons/control_stop.svg[39m[22m  301 bytes        [1m[39m[22m  [1m[32m[emitted][39m[22m                     
                             [1m[32mstatic/blocks-media/high-contrast/icons/control_wait.svg[39m[22m   1.11 KiB        [1m[39m[22m  [1m[32m[emitted][39m[22m                     
                     [1m[32mstatic/blocks-media/high-contrast/icons/event_broadcast_blue.svg[39m[22m   1.62 KiB        [1m[39m[22m  [1m[32m[emitted][39m[22m                     
                    [1m[32mstatic/blocks-media/high-contrast/icons/event_broadcast_coral.svg[39m[22m   1.62 KiB        [1m[39m[22m  [1m[32m[emitted][39m[22m                     
                    [1m[32mstatic/blocks-media/high-contrast/icons/event_broadcast_green.svg[39m[22m   1.62 KiB        [1m[39m[22m  [1m[32m[emitted][39m[22m                     
                  [1m[32mstatic/blocks-media/high-contrast/icons/event_broadcast_magenta.svg[39m[22m   1.62 KiB        [1m[39m[22m  [1m[32m[emitted][39m[22m                     
                   [1m[32mstatic/blocks-media/high-contrast/icons/event_broadcast_orange.svg[39m[22m   1.62 KiB        [1m[39m[22m  [1m[32m[emitted][39m[22m                     
                   [1m[32mstatic/blocks-media/high-contrast/icons/event_broadcast_purple.svg[39m[22m   1.61 KiB        [1m[39m[22m  [1m[32m[emitted][39m[22m                     
       [1m[32mstatic/blocks-media/high-contrast/icons/event_when-broadcast-received_blue.svg[39m[22m   1.61 KiB        [1m[39m[22m  [1m[32m[emitted][39m[22m                     
      [1m[32mstatic/blocks-media/high-contrast/icons/event_when-broadcast-received_coral.svg[39m[22m   1.62 KiB        [1m[39m[22m  [1m[32m[emitted][39m[22m                     
      [1m[32mstatic/blocks-media/high-contrast/icons/event_when-broadcast-received_green.svg[39m[22m   1.62 KiB        [1m[39m[22m  [1m[32m[emitted][39m[22m                     
    [1m[32mstatic/blocks-media/high-contrast/icons/event_when-broadcast-received_magenta.svg[39m[22m   1.62 KiB        [1m[39m[22m  [1m[32m[emitted][39m[22m                     
     [1m[32mstatic/blocks-media/high-contrast/icons/event_when-broadcast-received_orange.svg[39m[22m   1.62 KiB        [1m[39m[22m  [1m[32m[emitted][39m[22m                     
     [1m[32mstatic/blocks-media/high-contrast/icons/event_when-broadcast-received_purple.svg[39m[22m   1.61 KiB        [1m[39m[22m  [1m[32m[emitted][39m[22m                     
                    [1m[32mstatic/blocks-media/high-contrast/icons/event_whenflagclicked.svg[39m[22m  634 bytes        [1m[39m[22m  [1m[32m[emitted][39m[22m                     
                                   [1m[32mstatic/blocks-media/high-contrast/icons/remove.svg[39m[22m   1.55 KiB        [1m[39m[22m  [1m[32m[emitted][39m[22m                     
                             [1m[32mstatic/blocks-media/high-contrast/icons/set-led_blue.svg[39m[22m   1.99 KiB        [1m[39m[22m  [1m[32m[emitted][39m[22m                     
                            [1m[32mstatic/blocks-media/high-contrast/icons/set-led_coral.svg[39m[22m   1.99 KiB        [1m[39m[22m  [1m[32m[emitted][39m[22m                     
                            [1m[32mstatic/blocks-media/high-contrast/icons/set-led_green.svg[39m[22m   1.99 KiB        [1m[39m[22m  [1m[32m[emitted][39m[22m                     
                          [1m[32mstatic/blocks-media/high-contrast/icons/set-led_magenta.svg[39m[22m   1.99 KiB        [1m[39m[22m  [1m[32m[emitted][39m[22m                     
                          [1m[32mstatic/blocks-media/high-contrast/icons/set-led_mystery.svg[39m[22m   2.89 KiB        [1m[39m[22m  [1m[32m[emitted][39m[22m                     
                           [1m[32mstatic/blocks-media/high-contrast/icons/set-led_orange.svg[39m[22m   1.99 KiB        [1m[39m[22m  [1m[32m[emitted][39m[22m                     
                           [1m[32mstatic/blocks-media/high-contrast/icons/set-led_purple.svg[39m[22m   1.99 KiB        [1m[39m[22m  [1m[32m[emitted][39m[22m                     
                            [1m[32mstatic/blocks-media/high-contrast/icons/set-led_white.svg[39m[22m   1.99 KiB        [1m[39m[22m  [1m[32m[emitted][39m[22m                     
                           [1m[32mstatic/blocks-media/high-contrast/icons/set-led_yellow.svg[39m[22m   1.99 KiB        [1m[39m[22m  [1m[32m[emitted][39m[22m                     
                     [1m[32mstatic/blocks-media/high-contrast/icons/wedo_motor-clockwise.svg[39m[22m   3.66 KiB        [1m[39m[22m  [1m[32m[emitted][39m[22m                     
              [1m[32mstatic/blocks-media/high-contrast/icons/wedo_motor-counterclockwise.svg[39m[22m   3.64 KiB        [1m[39m[22m  [1m[32m[emitted][39m[22m                     
                    [1m[32mstatic/blocks-media/high-contrast/icons/wedo_motor-speed_fast.svg[39m[22m   4.23 KiB        [1m[39m[22m  [1m[32m[emitted][39m[22m                     
                     [1m[32mstatic/blocks-media/high-contrast/icons/wedo_motor-speed_med.svg[39m[22m   4.24 KiB        [1m[39m[22m  [1m[32m[emitted][39m[22m                     
                    [1m[32mstatic/blocks-media/high-contrast/icons/wedo_motor-speed_slow.svg[39m[22m   4.26 KiB        [1m[39m[22m  [1m[32m[emitted][39m[22m                     
                 [1m[32mstatic/blocks-media/high-contrast/icons/wedo_when-distance_close.svg[39m[22m   4.64 KiB        [1m[39m[22m  [1m[32m[emitted][39m[22m                     
                  [1m[32mstatic/blocks-media/high-contrast/icons/wedo_when-tilt-backward.svg[39m[22m    4.8 KiB        [1m[39m[22m  [1m[32m[emitted][39m[22m                     
                   [1m[32mstatic/blocks-media/high-contrast/icons/wedo_when-tilt-forward.svg[39m[22m   4.81 KiB        [1m[39m[22m  [1m[32m[emitted][39m[22m                     
                      [1m[32mstatic/blocks-media/high-contrast/icons/wedo_when-tilt-left.svg[39m[22m   3.57 KiB        [1m[39m[22m  [1m[32m[emitted][39m[22m                     
                     [1m[32mstatic/blocks-media/high-contrast/icons/wedo_when-tilt-right.svg[39m[22m   3.57 KiB        [1m[39m[22m  [1m[32m[emitted][39m[22m                     
                           [1m[32mstatic/blocks-media/high-contrast/icons/wedo_when-tilt.svg[39m[22m   4.01 KiB        [1m[39m[22m  [1m[32m[emitted][39m[22m                     
                                         [1m[32mstatic/blocks-media/high-contrast/repeat.svg[39m[22m  825 bytes        [1m[39m[22m  [1m[32m[emitted][39m[22m                     
                                    [1m[32mstatic/blocks-media/high-contrast/rotate-left.svg[39m[22m  590 bytes        [1m[39m[22m  [1m[32m[emitted][39m[22m                     
                                   [1m[32mstatic/blocks-media/high-contrast/rotate-right.svg[39m[22m  577 bytes        [1m[39m[22m  [1m[32m[emitted][39m[22m                     
                                        [1m[32mstatic/blocks-media/high-contrast/sprites.png[39m[22m   4.05 KiB        [1m[39m[22m  [1m[32m[emitted][39m[22m                     
                               [1m[32mstatic/blocks-media/high-contrast/status-not-ready.svg[39m[22m   1.16 KiB        [1m[39m[22m  [1m[32m[emitted][39m[22m                     
                                   [1m[32mstatic/blocks-media/high-contrast/status-ready.svg[39m[22m   1.09 KiB        [1m[39m[22m  [1m[32m[emitted][39m[22m                     
                                        [1m[32mstatic/blocks-media/high-contrast/zoom-in.svg[39m[22m   1.39 KiB        [1m[39m[22m  [1m[32m[emitted][39m[22m                     
                                       [1m[32mstatic/blocks-media/high-contrast/zoom-out.svg[39m[22m   1.16 KiB        [1m[39m[22m  [1m[32m[emitted][39m[22m                     
                                     [1m[32mstatic/blocks-media/high-contrast/zoom-reset.svg[39m[22m   1.08 KiB        [1m[39m[22m  [1m[32m[emitted][39m[22m                     
                                                         [1m[32mstatic/credits/25786611.webp[39m[22m    2.1 KiB        [1m[39m[22m  [1m[32m[emitted][39m[22m                     
                                                 [1m[32mstatic/credits/3546960701163977.webp[39m[22m   3.55 KiB        [1m[39m[22m  [1m[32m[emitted][39m[22m                     
                                                        [1m[32mstatic/credits/521949499.webp[39m[22m   5.77 KiB        [1m[39m[22m  [1m[32m[emitted][39m[22m                     
    Entrypoint [1mscratch-gui[39m[22m [1m[33m[big][39m[22m = [1m[32mjs/gleba/scratch-gui.f722a80136aa8b73ed12.js[39m[22m
       [0] [1mexternal "react"[39m[22m 42 bytes {[1m[33m8[39m[22m}[1m[32m [built][39m[22m
       [2] [1m./node_modules/react-intl/lib/index.es.js + 1 modules[39m[22m 56.6 KiB {[1m[33m8[39m[22m}[1m[32m [built][39m[22m
           |    2 modules
       [7] [1m./node_modules/react-redux/es/index.js + 14 modules[39m[22m 37.4 KiB {[1m[33m8[39m[22m}[1m[32m [built][39m[22m
           |    15 modules
      [16] [1m./src/reducers/modals.js[39m[22m 11.2 KiB {[1m[33m8[39m[22m}[1m[32m [built][39m[22m
      [17] [1m./src/lib/constants/layout-constants.js[39m[22m 1.3 KiB {[1m[33m8[39m[22m}[1m[32m [built][39m[22m
      [19] [1m../_sdeps/scratch-vm/src/index.js[39m[22m 85 bytes {[1m[33m8[39m[22m}[1m[32m [built][39m[22m
      [20] [1m./src/lib/utils/safe-storage.js[39m[22m 903 bytes {[1m[33m8[39m[22m}[1m[32m [built][39m[22m
      [21] [1m./src/reducers/project-state.js[39m[22m 17.7 KiB {[1m[33m8[39m[22m}[1m[32m [built][39m[22m
      [28] [1m./src/reducers/editor-tab.js[39m[22m 874 bytes {[1m[33m8[39m[22m}[1m[32m [built][39m[22m
      [31] [1m./src/lib/persistence/storage.js + 2 modules[39m[22m 9.78 KiB {[1m[33m8[39m[22m}[1m[32m [built][39m[22m
           | [1m./src/lib/persistence/storage.js[39m[22m 3.91 KiB[1m[32m [built][39m[22m
           | [1m./src/lib/default-project/index.js[39m[22m 1.07 KiB[1m[32m [built][39m[22m
           | [1m./src/lib/default-project/project-data.js[39m[22m 4.76 KiB[1m[32m [built][39m[22m
      [95] [1m./src/reducers/mode.js[39m[22m 1.05 KiB {[1m[33m8[39m[22m}[1m[32m [built][39m[22m
     [169] [1m./src/reducers/locales.js + 3 modules[39m[22m 146 KiB {[1m[33m8[39m[22m}[1m[32m [built][39m[22m
           | [1m./src/reducers/locales.js[39m[22m 2.27 KiB[1m[32m [built][39m[22m
           | [1m../_sdeps/scratch-l10n/locales/editor-msgs.js[39m[22m 135 KiB[1m[32m [built][39m[22m
           | [1m./src/lib/tw-translations/index.js[39m[22m 513 bytes[1m[32m [built][39m[22m
           | [1m./src/lib/pine-editor-i18n.js[39m[22m 8.68 KiB[1m[32m [built][39m[22m
     [192] [1m./src/reducers/gui.js + 2 modules[39m[22m 9.74 KiB {[1m[33m8[39m[22m}[1m[32m [built][39m[22m
           | [1m./src/reducers/gui.js[39m[22m 6.87 KiB[1m[32m [built][39m[22m
           | [1m./src/reducers/vm.js[39m[22m 2.07 KiB[1m[32m [built][39m[22m
           | [1m./src/reducers/toast.js[39m[22m 604 bytes[1m[32m [built][39m[22m
     [450] [1m../_sdeps/scratch-paint/src/index.js + 221 modules[39m[22m 816 KiB {[1m[33m8[39m[22m}[1m[32m [built][39m[22m
           | [1m../_sdeps/scratch-paint/src/index.js[39m[22m 191 bytes[1m[32m [built][39m[22m
           | [1m../_sdeps/scratch-paint/src/containers/tw-paint-editor-wrapper.jsx[39m[22m 2.27 KiB[1m[32m [built][39m[22m
           | [1m../_sdeps/scratch-paint/src/reducers/scratch-paint-reducer.js[39m[22m 2.22 KiB[1m[32m [built][39m[22m
           | [1m../_sdeps/scratch-paint/src/reducers/undo.js[39m[22m 2.39 KiB[1m[32m [built][39m[22m
           | [1m../_sdeps/scratch-paint/src/reducers/selected-items.js[39m[22m 1.99 KiB[1m[32m [built][39m[22m
           | [1m../_sdeps/scratch-paint/src/reducers/hover.js[39m[22m 1.28 KiB[1m[32m [built][39m[22m
           | [1m../_sdeps/scratch-paint/src/reducers/clipboard.js[39m[22m 1.45 KiB[1m[32m [built][39m[22m
           | [1m../_sdeps/scratch-paint/src/reducers/format.js[39m[22m 887 bytes[1m[32m [built][39m[22m
           | [1m../_sdeps/scratch-paint/src/reducers/view-bounds.js[39m[22m 1020 bytes[1m[32m [built][39m[22m
           | [1m../_sdeps/scratch-paint/src/reducers/zoom-levels.js[39m[22m 1.52 KiB[1m[32m [built][39m[22m
           | [1m../_sdeps/scratch-paint/src/reducers/modes.js[39m[22m 705 bytes[1m[32m [built][39m[22m
           | [1m../_sdeps/scratch-paint/src/reducers/cursor.js[39m[22m 1.29 KiB[1m[32m [built][39m[22m
           | [1m../_sdeps/scratch-paint/src/reducers/eraser-mode.js[39m[22m 1.45 KiB[1m[32m [built][39m[22m
           | [1m../_sdeps/scratch-paint/src/reducers/modals.js[39m[22m 1.37 KiB[1m[32m [built][39m[22m
           | [1m../_sdeps/scratch-paint/src/reducers/text-edit-target.js[39m[22m 1.32 KiB[1m[32m [built][39m[22m
           |     + 207 hidden modules
    [1358] [1m./src/index.js + 499 modules[39m[22m 2.55 MiB {[1m[33m8[39m[22m}[1m[32m [built][39m[22m
           | [1m./src/index.js[39m[22m 850 bytes[1m[32m [built][39m[22m
           | [1m./src/containers/gui.jsx[39m[22m 16.8 KiB[1m[32m [built][39m[22m
           | [1m./src/lib/connected-intl-provider.jsx[39m[22m 298 bytes[1m[32m [built][39m[22m
           | [1m./src/lib/mw/smart-save.js[39m[22m 2.05 KiB[1m[32m [built][39m[22m
           | [1m./src/containers/tw-theme-manager-hoc.jsx[39m[22m 3.11 KiB[1m[32m [built][39m[22m
           | [1m./src/lib/fractch-live/index.js[39m[22m 5.76 KiB[1m[32m [built][39m[22m
           | [1m./src/lib/unpackager.js[39m[22m 12.4 KiB[1m[32m [built][39m[22m
           | [1m./src/lib/collect-metadata.js[39m[22m 1.34 KiB[1m[32m [built][39m[22m
           | [1m./src/lib/utils/data-uri-to-blob.js[39m[22m 689 bytes[1m[32m [built][39m[22m
           | [1m./src/lib/utils/save-project-to-server.js[39m[22m 2.4 KiB[1m[32m [built][39m[22m
           | [1m./src/lib/api/cloud-provider.js[39m[22m 8.48 KiB[1m[32m [built][39m[22m
           | [1m./src/containers/costume-tab.jsx[39m[22m 14.7 KiB[1m[32m [built][39m[22m
           | [1m./src/containers/sound-library.jsx[39m[22m 8.62 KiB[1m[32m [built][39m[22m
           | [1m./src/containers/sound-tab.jsx[39m[22m 10.6 KiB[1m[32m [built][39m[22m
           | [1m./src/containers/target-pane.jsx[39m[22m 14.3 KiB[1m[32m [built][39m[22m
           |     + 485 hidden modules
        + 3078 hidden modules
    
    [1m[33mWARNING in asset size limit: The following asset(s) exceed the recommended size limit (244 KiB).
    This can impact web performance.
    Assets: 
      static/assets/945297ca77c041c98377f204e1af772e.svg (1.96 MiB)
      static/assets/8a8912773b36015e48a4ef67ec627323.png (523 KiB)
      js/gleba/1.219c390c36b3b93736d2.js (359 KiB)
      js/gleba/library-sprites.3e884f25749d104ac523.js (284 KiB)
      js/gleba/sb.f30fe95c8ff38560d594.js (1.16 MiB)
      js/gleba/scratch-gui.f722a80136aa8b73ed12.js (7.94 MiB)
      js/gleba/9.39a52d04e105d1636a87.js (1.93 MiB)
      js/gleba/10.d656a5700e00391a5a8b.js (252 KiB)
      libraries/costumes.json (324 KiB)
      libraries/sprites.json (526 KiB)[39m[22m
    
    [1m[33mWARNING in entrypoint size limit: The following entrypoint(s) combined asset size exceeds the recommended limit (244 KiB). This can impact web performance.
    Entrypoints:
      scratch-gui (7.94 MiB)
          js/gleba/scratch-gui.f722a80136aa8b73ed12.js
    [39m[22m
    Child [1mextension worker[39m[22m:
                                                    [1mAsset[39m[22m      [1mSize[39m[22m  [1mChunks[39m[22m  [1m[39m[22m                       [1m[39m[22m[1mChunk Names[39m[22m
        [1m[32mjs/gleba/extension worker.e43932ab7b669487c7e7.js[39m[22m  39.4 KiB       [1m0[39m[22m  [1m[32m[emitted] [immutable][39m[22m  extension worker
        Entrypoint [1mextension worker[39m[22m = [1m[32mjs/gleba/extension worker.e43932ab7b669487c7e7.js[39m[22m
         [0] [1m../_sdeps/scratch-vm/src/util/log.js[39m[22m 96 bytes {[1m[33m0[39m[22m}[1m[32m [built][39m[22m
         [1] [1m(webpack)/buildin/global.js[39m[22m 472 bytes {[1m[33m0[39m[22m}[1m[32m [built][39m[22m
         [2] [1m../_sdeps/scratch-vm/src/extension-support/tw-extension-worker-context.js[39m[22m 166 bytes {[1m[33m0[39m[22m}[1m[32m [built][39m[22m
         [3] [1m../_sdeps/scratch-vm/src/extension-support/argument-type.js[39m[22m 829 bytes {[1m[33m0[39m[22m}[1m[32m [built][39m[22m
         [4] [1m../_sdeps/scratch-vm/src/extension-support/block-type.js[39m[22m 1.18 KiB {[1m[33m0[39m[22m}[1m[32m [built][39m[22m
         [8] [1m./node_modules/babel-loader/lib??ref--5!../_sdeps/scratch-vm/src/extension-support/tw-iframe-extension-worker-entry.js[39m[22m 587 bytes {[1m[33m0[39m[22m}[1m[32m [built][39m[22m
         [9] [1m../_sdeps/scratch-vm/src/extension-support/tw-jquery-shim.js[39m[22m 2.99 KiB {[1m[33m0[39m[22m}[1m[32m [built][39m[22m
        [11] [1m../_sdeps/scratch-vm/src/extension-support/extension-worker.js[39m[22m 5.08 KiB {[1m[33m0[39m[22m}[1m[32m [built][39m[22m
        [12] [1m../_sdeps/scratch-vm/src/extension-support/tw-extension-api-common.js[39m[22m 388 bytes {[1m[33m0[39m[22m}[1m[32m [built][39m[22m
        [13] [1m../_sdeps/scratch-vm/src/extension-support/tw-block-shape.js[39m[22m 590 bytes {[1m[33m0[39m[22m}[1m[32m [built][39m[22m
        [15] [1m../_sdeps/scratch-vm/src/extension-support/target-type.js[39m[22m 309 bytes {[1m[33m0[39m[22m}[1m[32m [built][39m[22m
        [16] [1m../_sdeps/scratch-vm/src/util/cast.js[39m[22m 7.19 KiB {[1m[33m0[39m[22m}[1m[32m [built][39m[22m
        [19] [1m../_sdeps/scratch-vm/src/extension-support/tw-scratchx-compatibility-layer.js[39m[22m 6.02 KiB {[1m[33m0[39m[22m}[1m[32m [built][39m[22m
        [21] [1m../_sdeps/scratch-vm/src/dispatch/worker-dispatch.js[39m[22m 4.03 KiB {[1m[33m0[39m[22m}[1m[32m [built][39m[22m
        [23] [1m../_sdeps/scratch-vm/src/extension-support/tw-l10n.js[39m[22m 1.32 KiB {[1m[33m0[39m[22m}[1m[32m [built][39m[22m
            + 12 hidden modules
    Child [1mworker[39m[22m:
                                                               [1mAsset[39m[22m      [1mSize[39m[22m  [1mChunks[39m[22m  [1m[39m[22m                       [1m[39m[22m[1mChunk Names[39m[22m
        [1m[32mjs/extension-worker/extension-worker.2900dedcd4e98cfc86cf.js[39m[22m  38.2 KiB       [1m0[39m[22m  [1m[32m[emitted] [immutable][39m[22m  main
        Entrypoint [1mmain[39m[22m = [1m[32mjs/extension-worker/extension-worker.2900dedcd4e98cfc86cf.js[39m[22m
         [0] [1m../_sdeps/scratch-vm/src/util/log.js[39m[22m 96 bytes {[1m[33m0[39m[22m}[1m[32m [built][39m[22m
         [1] [1m../_sdeps/scratch-vm/src/extension-support/argument-type.js[39m[22m 829 bytes {[1m[33m0[39m[22m}[1m[32m [built][39m[22m
         [2] [1m../_sdeps/scratch-vm/src/extension-support/block-type.js[39m[22m 1.18 KiB {[1m[33m0[39m[22m}[1m[32m [built][39m[22m
         [3] [1m../_sdeps/scratch-vm/src/extension-support/tw-extension-worker-context.js[39m[22m 166 bytes {[1m[33m0[39m[22m}[1m[32m [built][39m[22m
         [7] [1m./node_modules/babel-loader/lib??ref--5!../_sdeps/scratch-vm/src/extension-support/extension-worker.js[39m[22m 5.08 KiB {[1m[33m0[39m[22m}[1m[32m [built][39m[22m
         [8] [1m(webpack)/buildin/global.js[39m[22m 472 bytes {[1m[33m0[39m[22m}[1m[32m [built][39m[22m
         [9] [1m../_sdeps/scratch-vm/src/extension-support/tw-extension-api-common.js[39m[22m 388 bytes {[1m[33m0[39m[22m}[1m[32m [built][39m[22m
        [10] [1m../_sdeps/scratch-vm/src/extension-support/tw-block-shape.js[39m[22m 590 bytes {[1m[33m0[39m[22m}[1m[32m [built][39m[22m
        [12] [1m../_sdeps/scratch-vm/src/extension-support/target-type.js[39m[22m 309 bytes {[1m[33m0[39m[22m}[1m[32m [built][39m[22m
        [13] [1m../_sdeps/scratch-vm/src/util/cast.js[39m[22m 7.19 KiB {[1m[33m0[39m[22m}[1m[32m [built][39m[22m
        [15] [1m../_sdeps/scratch-vm/src/extension-support/tw-external.js[39m[22m 2.21 KiB {[1m[33m0[39m[22m}[1m[32m [built][39m[22m
        [16] [1m../_sdeps/scratch-vm/src/extension-support/tw-scratchx-compatibility-layer.js[39m[22m 6.02 KiB {[1m[33m0[39m[22m}[1m[32m [built][39m[22m
        [17] [1m../_sdeps/scratch-vm/src/extension-support/tw-scratchx-utilities.js[39m[22m 584 bytes {[1m[33m0[39m[22m}[1m[32m [built][39m[22m
        [18] [1m../_sdeps/scratch-vm/src/dispatch/worker-dispatch.js[39m[22m 4.03 KiB {[1m[33m0[39m[22m}[1m[32m [built][39m[22m
        [21] [1m../_sdeps/scratch-vm/src/extension-support/tw-l10n.js[39m[22m 1.32 KiB {[1m[33m0[39m[22m}[1m[32m [built][39m[22m
            + 10 hidden modules
    Child [1mworker[39m[22m:
                                 [1mAsset[39m[22m     [1mSize[39m[22m  [1mChunks[39m[22m  [1m[39m[22m                       [1m[39m[22m[1mChunk Names[39m[22m
        [1m[32m45dd4e535dd171c17ea7.worker.js[39m[22m  215 KiB       [1m0[39m[22m  [1m[32m[emitted] [immutable][39m[22m  main
        Entrypoint [1mmain[39m[22m = [1m[32m45dd4e535dd171c17ea7.worker.js[39m[22m
        [4] [1m(webpack)/buildin/global.js[39m[22m 472 bytes {[1m[33m0[39m[22m}[1m[32m [built][39m[22m
        [5] [1m./node_modules/babel-loader/lib??ref--5!./node_modules/monaco-editor/esm/vs/editor/editor.worker.js + 42 modules[39m[22m 550 KiB {[1m[33m0[39m[22m}[1m[32m [built][39m[22m
            |    43 modules
            + 4 hidden modules
